车次,出发点,目的地,开车时间,到达时间,消耗时间,一等座,二等座,软卧,硬卧,硬座,无座
G8521,成都东,重庆北,14:25,16:06,01:41,无,2,--,--,--,--
G8713,成都东,重庆北,15:00,16:26,01:26,无,无,--,--,--,--
G9533,成都东,重庆北,15:21,17:09,01:48,无,无,--,--,--,--
G8717,成都东,重庆北,15:49,17:30,01:41,无,有,--,--,--,--
K652,成都东,重庆北,15:50,19:42,03:52,--,--,9,有,2,有
G8525,成都东,重庆北,16:18,17:59,01:41,有,有,--,--,--,--
G9535,成都东,重庆北,16:32,18:20,01:48,20,有,--,--,--,--
G8721,成都东,重庆北,17:07,18:49,01:42,有,有,--,--,--,--
G8529,成都东,重庆北,17:23,19:03,01:40,9,9,--,--,--,--
K588,成都,重庆北,17:52,21:50,03:58,--,--,6,有,有,有
G9537,成都东,重庆北,17:53,19:27,01:34,有,有,--,--,--,--
G9539,成都东,重庆北,18:12,20:09,01:57,有,有,--,--,--,--
G1709,成都东,重庆北,18:20,20:03,01:43,有,有,--,--,--,--
D5102,成都东,重庆北,18:36,20:46,02:10,无,无,--,--,--,无
G8535,成都东,重庆北,19:36,21:17,01:41,有,有,--,--,--,--
G8537,成都东,重庆北,19:52,21:39,01:47,无,2,--,--,--,--
G8541,成都东,重庆北,21:04,22:45,01:41,有,有,--,--,--,--
G8543,成都东,重庆北,21:40,23:14,01:34,有,有,--,--,--,--
K818,成都,定州,19:30,18:41,23:11,--,--,有,有,有,有
K986,成都,西宁,14:50,06:59,16:09,--,--,4,有,无,有
K2632,成都,西宁,18:40,10:24,15:44,--,--,19,有,有,有
K2058,成都,西宁,20:05,11:39,15:34,--,--,有,有,有,有
Z322,成都,西宁,21:37,12:07,14:30,--,--,有,有,有,有
K1058,成都,西宁,21:47,12:46,14:59,--,--,14,有,有,有
K530,成都东,黄石,22:43,18:57,20:14,--,--,有,有,有,有
T126,成都,黄石,22:45,16:53,18:08,--,--,18,1,有,有
K352,成都,黄石,23:51,21:20,21:29,--,--,14,有,有,有
K986,成都,渭源,14:50,01:54,11:04,--,--,4,有,无,有
K2632,成都,渭源,18:40,05:23,10:43,--,--,19,有,有,有
K2058,成都,渭源,20:05,06:27,10:22,--,--,有,有,有,有
K2616,成都,渭源,20:26,06:14,09:48,--,--,16,有,有,有
K1058,成都,渭源,21:47,07:46,09:59,--,--,14,有,有,有
K145,成都,西昌,14:28,00:11,09:43,--,--,无,1,无,有
K165,成都,西昌,14:57,00:45,09:48,--,--,无,无,3,有
K985,成都,西昌,16:03,01:38,09:35,--,--,无,无,有,有
K117,成都,西昌,17:28,02:01,08:33,--,--,无,无,无,有
T8869,成都,西昌,17:55,04:49,10:54,--,--,无,无,1,有
K9483,成都,西昌南,19:00,05:53,10:53,--,--,无,无,有,有
K9491,成都,西昌,19:47,05:55,10:08,--,--,无,无,无,有
T8865,成都,西昌,20:51,07:40,10:49,--,--,无,无,--,--
T126,成都,河源,22:45,03:40,28:55,--,--,18,无,有,有
D1906,成都东,太原南,15:21,22:51,07:30,无,无,--,--,--,--
1486,成都,太原,19:25,22:43,27:18,--,--,有,有,有,有
D1936,成都东,宁强南,14:31,16:51,02:20,1,无,--,--,--,有
D1906,成都东,宁强南,15:21,17:42,02:21,无,无,--,--,--,--
K1616,成都,阳平关,15:31,23:17,07:46,--,--,18,有,1,有
K196,成都,阳平关,16:10,22:41,06:31,--,--,有,有,有,有
K206,成都,阳平关,16:20,23:53,07:33,--,--,有,有,有,有
D1942,成都东,宁强南,16:39,18:52,02:13,9,有,--,--,--,有
D1946,成都东,宁强南,17:33,19:48,02:15,有,有,--,--,--,有
K292,成都,阳平关,17:47,00:32,06:45,--,--,13,有,有,有
D1952,成都东,宁强南,18:58,21:13,02:15,无,无,--,--,--,无
K1364,成都,阳平关,22:00,05:11,07:11,--,--,有,有,有,有
K4223,成都,肇庆,14:56,07:02,40:06,--,--,11,有,有,有
K588,成都,肇庆,17:52,02:51,32:59,--,--,无,无,有,有
D1936,成都东,广元,14:31,16:20,01:49,1,无,--,--,--,有
K986,成都,广元,14:50,20:35,05:45,--,--,12,有,无,有
D1938,成都东,广元,15:07,16:58,01:51,14,有,--,--,--,有
D1906,成都东,广元,15:21,17:14,01:53,无,无,--,--,--,--
G2210,成都东,广元,15:30,17:08,01:38,无,无,--,--,--,--
K1616,成都,广元,15:31,21:12,05:41,--,--,19,有,1,有
D1940,成都东,广元,15:39,17:30,01:51,无,有,--,--,--,有
K452,成都,广元,15:55,21:28,05:33,--,--,有,有,有,有
K9436,成都,广元,16:04,20:49,04:45,--,--,--,有,有,--
K196,成都,广元,16:10,20:54,04:44,--,--,有,有,有,有
K206,成都,广元,16:20,22:02,05:42,--,--,有,有,有,有
D1942,成都东,广元,16:39,18:24,01:45,9,有,--,--,--,有
C6312,成都东,广元,16:49,18:32,01:43,无,有,--,--,--,有
D1944,成都东,广元,16:57,18:48,01:51,17,有,--,--,--,有
G2212,成都东,广元,17:21,18:58,01:37,11,有,--,--,--,--
D1946,成都东,广元,17:33,19:16,01:43,有,有,--,--,--,有
K292,成都,广元,17:47,22:51,05:04,--,--,19,有,有,有
D1948,成都东,广元,17:56,19:47,01:51,无,有,--,--,--,有
D1950,成都东,广元,18:07,20:04,01:57,有,有,--,--,--,有
K284,成都,广元,18:22,23:18,04:56,--,--,有,有,有,有
K2632,成都,广元,18:40,00:14,05:34,--,--,有,有,有,有
D1952,成都东,广元,18:58,20:47,01:49,无,无,--,--,--,无
1486,成都,广元,19:25,00:42,05:17,--,--,有,有,有,有
K2058,成都,广元,20:05,01:23,05:18,--,--,有,有,有,有
K2616,成都,广元,20:26,01:39,05:13,--,--,16,有,有,有
K246,成都,广元,21:20,02:39,05:19,--,--,有,有,有,有
Z322,成都,广元,21:37,02:23,04:46,--,--,有,有,有,有
K1058,成都,广元,21:47,03:00,05:13,--,--,18,有,有,有
K1364,成都,广元,22:00,03:19,05:19,--,--,有,有,有,有
K206,成都,安康,16:20,05:45,13:25,--,--,有,有,有,有
Z124,成都,安康,17:14,23:28,06:14,--,--,有,1,无,有
K284,成都,安康,18:22,06:06,11:44,--,--,有,有,有,有
K818,成都,安康,19:30,03:06,07:36,--,--,有,有,有,有
K998,成都,安康,22:16,05:09,06:53,--,--,10,有,有,有
T126,成都,安康,22:45,06:30,07:45,--,--,19,7,有,有
K352,成都,安康,23:51,07:36,07:45,--,--,14,有,有,有
K118,成都,安康,23:59,07:58,07:59,--,--,有,有,有,有
1486,成都,介休,19:25,20:29,25:04,--,--,有,有,有,有
K246,成都,盐城,21:20,04:02,30:42,--,--,有,有,有,有
C6189,犀浦,彭州,17:11,17:38,00:27,--,--,--,--,--,有
C6191,犀浦,彭州,20:14,20:37,00:23,--,--,--,--,--,有
K196,成都,鄂尔多斯,16:10,18:32,26:22,--,--,有,有,有,有
K998,成都,东胜西,22:16,19:18,21:02,--,--,9,有,有,有
K2058,成都,乌鲁木齐南,20:05,09:24,37:19,--,--,有,有,有,有
D1938,成都东,青川,15:07,16:31,01:24,14,有,--,--,--,有
D1940,成都东,青川,15:39,17:09,01:30,无,有,--,--,--,有
D1942,成都东,青川,16:39,18:03,01:24,9,有,--,--,--,有
D1948,成都东,青川,17:56,19:26,01:30,无,有,--,--,--,有
D1950,成都东,青川,18:07,19:37,01:30,有,有,--,--,--,有
K986,成都,兰州,14:50,03:47,12:57,--,--,4,有,无,有
K452,成都,兰州,15:55,03:54,11:59,--,--,有,有,有,有
K2632,成都,兰州,18:40,07:17,12:37,--,--,19,有,有,有
K2058,成都,兰州,20:05,08:05,12:00,--,--,有,有,有,有
K2616,成都,兰州,20:26,07:57,11:31,--,--,16,有,有,有
Z322,成都,兰州,21:37,09:11,11:34,--,--,有,有,有,有
K1058,成都,兰州,21:47,09:26,11:39,--,--,14,有,有,有
K530,成都东,鄂州,22:43,18:19,19:36,--,--,有,有,有,有
K352,成都,鄂州,23:51,20:53,21:02,--,--,14,有,有,有
T126,成都,惠州,22:45,04:38,29:53,--,--,18,1,有,有
K788,成都东,常德,15:11,10:07,18:56,--,--,15,有,有,有
K530,成都东,荆门,22:43,12:00,13:17,--,--,有,有,有,有
K117,成都,米易,17:28,03:58,10:30,--,--,无,无,无,有
T8869,成都,米易,17:55,06:56,13:01,--,--,无,无,3,有
K9483,成都,米易,19:00,07:48,12:48,--,--,无,无,有,有
K9491,成都,米易,19:47,08:08,12:21,--,--,无,无,无,有
K4223,成都,贵阳,14:56,09:50,18:54,--,--,11,有,有,有
K9454,成都东,贵阳,17:09,06:20,13:11,--,--,无,有,有,有
T8900,成都东,贵阳,19:07,07:12,12:05,--,--,无,无,--,--
D1936,成都东,城固北,14:31,17:35,03:04,1,无,--,--,--,有
D1906,成都东,城固北,15:21,18:26,03:05,无,无,--,--,--,--
D1940,成都东,城固北,15:39,18:36,02:57,无,有,--,--,--,有
D1944,成都东,城固北,16:57,19:53,02:56,17,有,--,--,--,有
D1948,成都东,城固北,17:56,20:50,02:54,无,有,--,--,--,有
D1950,成都东,城固北,18:07,21:08,03:01,有,有,--,--,--,有
K292,成都,杨陵,17:47,08:14,14:27,--,--,13,有,有,有
K246,成都,杨陵,21:20,11:40,14:20,--,--,有,有,有,有
K998,成都,开鲁,22:16,14:18,40:02,--,--,无,无,有,有
K206,成都,滕州,16:20,00:40,32:20,--,--,20,有,有,有
G2210,成都东,渭南北,15:30,19:51,04:21,无,无,--,--,--,--
G2212,成都东,渭南北,17:21,21:33,04:12,11,有,--,--,--,--
K292,成都,渭南,17:47,10:19,16:32,--,--,13,有,有,有
1486,成都,渭南,19:25,12:45,17:20,--,--,有,有,有,有
K1364,成都,渭南,22:00,14:50,16:50,--,--,有,有,有,有
Z322,成都,拉萨,21:37,09:55,36:18,--,--,有,有,无,无
T126,成都,吉安,22:45,21:54,23:09,--,--,18,无,有,有
D1946,成都东,新都东,17:33,17:44,00:11,有,有,--,--,--,有
G8752,成都东,新都东,18:42,18:54,00:12,有,有,--,--,--,--
C6218,成都东,新都东,19:53,20:04,00:11,有,有,--,--,--,有
K206,成都,青岛,16:20,08:12,39:52,--,--,18,有,有,有
K652,成都东,铜仁,15:50,04:23,12:33,--,--,9,有,无,有
K588,成都,铜仁,17:52,05:03,11:11,--,--,1,无,有,有
D1906,成都东,灵石东,15:21,22:07,06:46,无,无,--,--,--,--
1486,成都,灵石,19:25,19:56,24:31,--,--,有,有,有,有
K1616,成都,略阳,15:31,00:19,08:48,--,--,18,有,1,有
K196,成都,略阳,16:10,23:42,07:32,--,--,有,有,有,有
K292,成都,略阳,17:47,01:33,07:46,--,--,13,有,有,有
1486,成都,略阳,19:25,03:30,08:05,--,--,有,有,有,有
K246,成都,略阳,21:20,05:18,07:58,--,--,有,有,有,有
K1364,成都,略阳,22:00,06:16,08:16,--,--,有,有,有,有
K788,成都东,丰城,15:11,17:54,26:43,--,--,15,有,有,有
G8521,成都东,大足南,14:25,15:27,01:02,无,2,--,--,--,--
K788,成都东,南昌,15:11,19:18,28:07,--,--,15,有,有,有
T126,成都,南昌,22:45,19:19,20:34,--,--,18,无,有,有
K352,成都,南昌,23:51,00:01,24:10,--,--,14,有,有,有
C6309,成都东,青神,17:10,18:14,01:04,无,无,--,--,--,有
G8521,成都东,重庆北,14:25,16:06,01:41,无,1,--,--,--,--
G8713,成都东,重庆北,15:00,16:26,01:26,无,无,--,--,--,--
G9533,成都东,重庆北,15:21,17:09,01:48,无,无,--,--,--,--
G8717,成都东,重庆北,15:49,17:30,01:41,无,有,--,--,--,--
K652,成都东,重庆北,15:50,19:42,03:52,--,--,6,有,无,有
G8525,成都东,重庆北,16:18,17:59,01:41,有,有,--,--,--,--
G9535,成都东,重庆北,16:32,18:20,01:48,20,有,--,--,--,--
G8721,成都东,重庆北,17:07,18:49,01:42,有,有,--,--,--,--
G8529,成都东,重庆北,17:23,19:03,01:40,10,无,--,--,--,--
K588,成都,重庆北,17:52,21:50,03:58,--,--,6,有,有,有
G9537,成都东,重庆北,17:53,19:27,01:34,有,有,--,--,--,--
G9539,成都东,重庆北,18:12,20:09,01:57,有,有,--,--,--,--
G1709,成都东,重庆北,18:20,20:03,01:43,有,有,--,--,--,--
D5102,成都东,重庆北,18:36,20:46,02:10,无,无,--,--,--,无
G8535,成都东,重庆北,19:36,21:17,01:41,有,有,--,--,--,--
G8537,成都东,重庆北,19:52,21:39,01:47,无,无,--,--,--,--
G8541,成都东,重庆北,21:04,22:45,01:41,有,有,--,--,--,--
G8543,成都东,重庆北,21:40,23:14,01:34,有,有,--,--,--,--
T126,成都,东莞东,22:45,05:25,30:40,--,--,18,1,有,有
G90,成都东,北京西,15:01,22:48,07:47,无,无,--,--,--,--
K818,成都,北京西,19:30,21:06,25:36,--,--,有,有,有,有
K1364,成都,北京西,22:00,05:42,31:42,--,--,有,有,有,有
K118,成都,北京西,23:59,05:10,29:11,--,--,有,有,有,有
T126,成都,惠州,22:45,04:38,29:53,--,--,18,1,有,有
K4223,成都,独山,14:56,12:27,21:31,--,--,11,有,有,有
D5188,成都东,达州,14:35,17:10,02:35,1,10,--,--,--,有
K9416,成都东,达州,14:55,19:22,04:27,--,--,--,无,有,--
K788,成都东,达州,15:11,20:41,05:30,--,--,19,有,有,有
D5190,成都东,达州,16:09,18:51,02:42,有,有,--,--,--,有
D5192,成都东,达州,16:56,19:52,02:56,无,1,--,--,--,有
Z124,成都,达州,17:14,20:29,03:15,--,--,有,12,无,有
K818,成都,达州,19:30,23:54,04:24,--,--,有,有,有,有
D5194,成都东,达州,20:03,23:05,03:02,无,无,--,--,--,1
K998,成都,达州,22:16,02:10,03:54,--,--,11,有,有,有
K530,成都东,达州,22:43,02:34,03:51,--,--,有,有,有,有
T126,成都,达州,22:45,03:19,04:34,--,--,19,有,有,有
K352,成都,达州,23:51,04:16,04:25,--,--,16,有,有,有
K118,成都,达州,23:59,04:46,04:47,--,--,有,有,有,有
C6125,成都,犀浦,16:41,16:53,00:12,--,--,--,--,--,有
D6195,成都,犀浦,18:25,18:37,00:12,有,有,--,--,--,有
T126,成都,旬阳,22:45,07:27,08:42,--,--,19,6,有,有
K352,成都,旬阳,23:51,08:26,08:35,--,--,14,有,有,有
K118,成都,旬阳,23:59,08:45,08:46,--,--,有,有,有,有
G90,成都东,郑州东,15:01,20:14,05:13,无,无,--,--,--,--
G2210,成都东,郑州东,15:30,22:09,06:39,无,无,--,--,--,--
K206,成都,郑州,16:20,18:42,26:22,--,--,有,有,有,有
G2212,成都东,郑州东,17:21,23:21,06:00,11,有,--,--,--,--
K292,成都,郑州,17:47,17:30,23:43,--,--,13,有,有,有
K284,成都,郑州,18:22,18:58,24:36,--,--,有,有,有,有
K818,成都,郑州,19:30,13:04,17:34,--,--,有,有,有,有
K246,成都,郑州,21:20,19:34,22:14,--,--,有,有,有,有
K118,成都,郑州,23:59,21:09,21:10,--,--,有,有,有,有
K986,成都,兰州,14:50,03:47,12:57,--,--,4,有,无,有
K452,成都,兰州,15:55,03:54,11:59,--,--,有,有,有,有
K2632,成都,兰州,18:40,07:17,12:37,--,--,19,有,有,有
K2058,成都,兰州,20:05,08:05,12:00,--,--,有,有,有,有
K2616,成都,兰州,20:26,07:57,11:31,--,--,16,有,有,有
Z322,成都,兰州,21:37,09:11,11:34,--,--,有,有,有,有
K1058,成都,兰州,21:47,09:26,11:39,--,--,14,有,有,有
K986,成都,兰州,14:50,03:47,12:57,--,--,4,有,无,有
K452,成都,兰州,15:55,03:54,11:59,--,--,有,有,有,有
K2632,成都,兰州,18:40,07:17,12:37,--,--,19,有,有,有
K2058,成都,兰州,20:05,08:05,12:00,--,--,有,有,有,有
K2616,成都,兰州,20:26,07:57,11:31,--,--,16,有,有,有
Z322,成都,兰州,21:37,09:11,11:34,--,--,有,有,有,有
K1058,成都,兰州,21:47,09:26,11:39,--,--,14,有,有,有
K206,成都,滕州,16:20,00:40,32:20,--,--,20,有,有,有
K9491,成都,喜德,19:47,04:35,08:48,--,--,无,无,无,有
T8865,成都,喜德,20:51,06:38,09:47,--,--,无,无,--,--
1486,成都,榆次,19:25,22:10,26:45,--,--,有,有,有,有
K145,成都,峨眉,14:28,16:33,02:05,--,--,9,有,有,有
C6271,成都南,峨眉山,14:54,16:19,01:25,无,1,--,--,--,2
K165,成都,峨眉,14:57,17:08,02:11,--,--,8,有,有,有
K985,成都,峨眉,16:03,18:51,02:48,--,--,2,有,有,有
C6309,成都东,峨眉山,17:10,18:47,01:37,无,无,--,--,--,有
C6311,成都东,峨眉山,19:02,20:20,01:18,无,1,--,--,--,无
K9491,成都,峨眉,19:47,22:27,02:40,--,--,2,有,有,有
K588,成都,佛山,17:52,04:11,34:19,--,--,无,无,有,有
K206,成都,商丘,16:20,21:29,29:09,--,--,20,有,有,有
K292,成都,商丘,17:47,20:01,26:14,--,--,13,有,有,有
K284,成都,商丘,18:22,21:45,27:23,--,--,19,有,有,有
K452,成都,柳园,15:55,17:00,25:05,--,--,20,有,有,有
K2058,成都,柳园,20:05,22:18,26:13,--,--,有,有,有,有
T126,成都,旬阳,22:45,07:27,08:42,--,--,19,6,有,有
K352,成都,旬阳,23:51,08:26,08:35,--,--,14,有,有,有
K118,成都,旬阳,23:59,08:45,08:46,--,--,有,有,有,有
D1936,成都东,西安北,14:31,18:51,04:20,1,无,--,--,--,有
G90,成都东,西安北,15:01,18:16,03:15,无,无,--,--,--,--
D1938,成都东,西安北,15:07,19:19,04:12,13,有,--,--,--,有
D1906,成都东,西安北,15:21,19:39,04:18,无,无,--,--,--,--
G2210,成都东,西安北,15:30,19:28,03:58,无,无,--,--,--,--
D1940,成都东,西安北,15:39,19:57,04:18,无,有,--,--,--,有
K196,成都,西安,16:10,07:38,15:28,--,--,有,有,有,有
D1942,成都东,西安北,16:39,20:48,04:09,9,有,--,--,--,有
D1944,成都东,西安北,16:57,21:20,04:23,17,有,--,--,--,有
G2212,成都东,西安北,17:21,21:10,03:49,11,有,--,--,--,--
D1946,成都东,西安北,17:33,21:44,04:11,有,有,--,--,--,有
K292,成都,西安,17:47,09:16,15:29,--,--,13,有,有,有
D1948,成都东,西安北,17:56,22:03,04:07,无,有,--,--,--,有
D1950,成都东,西安北,18:07,22:31,04:24,有,有,--,--,--,有
D1952,成都东,西安北,18:58,23:11,04:13,无,无,--,--,--,无
1486,成都,西安,19:25,11:45,16:20,--,--,有,有,有,有
K246,成都,西安,21:20,12:42,15:22,--,--,有,有,有,有
K1364,成都,西安,22:00,13:51,15:51,--,--,有,有,有,有
K998,成都,西安南,22:16,08:02,09:46,--,--,10,有,有,有
K530,成都东,杭州,22:43,05:04,30:21,--,--,有,有,有,有
K352,成都,杭州东,23:51,10:01,34:10,--,--,14,有,有,有
T126,成都,赣州,22:45,23:48,25:03,--,--,18,1,有,有
K530,成都东,黄石,22:43,18:57,20:14,--,--,有,有,有,有
T126,成都,黄石,22:45,16:53,18:08,--,--,18,1,有,有
K352,成都,黄石,23:51,21:20,21:29,--,--,14,有,有,有
K206,成都,白河县,16:20,07:48,15:28,--,--,有,有,有,有
K352,成都,白河县,23:51,09:32,09:41,--,--,14,有,有,有
K196,成都,萨拉齐,16:10,21:39,29:29,--,--,有,有,有,有
K145,成都,昆明,14:28,09:28,19:00,--,--,无,无,1,有
K165,成都,昆明,14:57,10:12,19:15,--,--,无,无,1,有
K985,成都,昆明,16:03,10:32,18:29,--,--,无,无,有,有
K530,成都东,衢州,22:43,00:41,25:58,--,--,有,有,有,有
K352,成都,衢州,23:51,06:46,30:55,--,--,14,有,有,有
K292,成都,南京,17:47,01:46,31:59,--,--,12,有,有,有
K284,成都,南京,18:22,03:44,33:22,--,--,19,有,有,有
D1936,成都东,江油,14:31,15:32,01:01,1,无,--,--,--,有
K986,成都,江油,14:50,17:00,02:10,--,--,14,有,无,有
D1938,成都东,江油北,15:07,16:14,01:07,14,有,--,--,--,有
D1906,成都东,江油,15:21,16:22,01:01,无,无,--,--,--,--
K1616,成都,江油,15:31,17:39,02:08,--,--,19,有,1,有
C6310,成都南,江油,15:32,17:07,01:35,无,无,--,--,--,无
D1940,成都东,江油,15:39,16:40,01:01,无,有,--,--,--,有
K452,成都,江油,15:55,18:29,02:34,--,--,有,有,有,有
K206,成都,江油,16:20,18:56,02:36,--,--,有,有,有,有
D1942,成都东,江油,16:39,17:34,00:55,9,有,--,--,--,有
C6312,成都东,江油,16:49,17:51,01:02,无,有,--,--,--,有
D1946,成都东,江油北,17:33,18:46,01:13,有,有,--,--,--,有
K292,成都,江油,17:47,20:02,02:15,--,--,19,有,有,有
D1950,成都东,江油,18:07,19:08,01:01,有,有,--,--,--,有
K284,成都,江油,18:22,20:27,02:05,--,--,有,有,有,有
K2632,成都,江油,18:40,21:05,02:25,--,--,有,有,有,有
D1952,成都东,江油,18:58,20:05,01:07,无,无,--,--,--,无
1486,成都,江油,19:25,21:46,02:21,--,--,有,有,有,有
K2058,成都,江油,20:05,22:26,02:21,--,--,有,有,有,有
K2616,成都,江油,20:26,22:46,02:20,--,--,16,有,有,有
C6222,成都东,江油,21:12,22:09,00:57,无,有,--,--,--,有
K246,成都,江油,21:20,23:29,02:09,--,--,有,有,有,有
K1058,成都,江油,21:47,00:01,02:14,--,--,18,有,有,有
K1364,成都,江油,22:00,00:26,02:26,--,--,有,有,有,有
K818,成都,定州,19:30,18:41,23:11,--,--,有,有,有,有
G2210,成都东,三门峡南,15:30,20:40,05:10,无,无,--,--,--,--
K292,成都,三门峡,17:47,13:07,19:20,--,--,13,有,有,有
K246,成都,三门峡,21:20,16:09,18:49,--,--,有,有,有,有
K652,成都东,融水,15:50,12:08,20:18,--,--,7,有,无,有
T126,成都,惠州,22:45,04:38,29:53,--,--,18,1,有,有
K788,成都东,樟树,15:11,17:33,26:22,--,--,15,有,有,有
K292,成都,上海,17:47,05:34,35:47,--,--,12,有,有,有
K284,成都,上海,18:22,07:02,36:40,--,--,19,有,有,有
K352,成都,上海南,23:51,12:35,36:44,--,--,14,有,有,有
1486,成都,蔡家坡,19:25,10:12,14:47,--,--,有,有,有,有
K1616,成都,宝鸡,15:31,07:57,16:26,--,--,18,有,5,有
K196,成都,宝鸡,16:10,05:06,12:56,--,--,有,有,有,有
K292,成都,宝鸡,17:47,07:08,13:21,--,--,13,有,有,有
1486,成都,宝鸡,19:25,09:24,13:59,--,--,有,有,有,有
K246,成都,宝鸡,21:20,10:34,13:14,--,--,有,有,有,有
K1364,成都,宝鸡,22:00,11:38,13:38,--,--,有,有,有,有
K2058,成都,乌鲁木齐南,20:05,09:24,37:19,--,--,有,有,有,有
C6120,犀浦,安靖,14:24,14:30,00:06,--,--,--,--,--,有
C6122,犀浦,安靖,16:06,16:12,00:06,--,--,--,--,--,有
C6158,犀浦,安靖,16:45,16:51,00:06,--,--,--,--,--,有
K986,成都,兰州,14:50,03:47,12:57,--,--,4,有,无,有
K452,成都,兰州,15:55,03:54,11:59,--,--,有,有,有,有
K2632,成都,兰州,18:40,07:17,12:37,--,--,19,有,有,有
K2058,成都,兰州,20:05,08:05,12:00,--,--,有,有,有,有
K2616,成都,兰州,20:26,07:57,11:31,--,--,16,有,有,有
Z322,成都,兰州,21:37,09:11,11:34,--,--,有,有,有,有
K1058,成都,兰州,21:47,09:26,11:39,--,--,14,有,有,有
T126,成都,随州,22:45,12:56,14:11,--,--,19,1,有,有
K352,成都,随州,23:51,15:37,15:46,--,--,14,有,有,有
K588,成都,陆川,17:52,19:26,25:34,--,--,无,无,有,有
D1936,成都东,宁强南,14:31,16:51,02:20,1,无,--,--,--,有
D1906,成都东,宁强南,15:21,17:42,02:21,无,无,--,--,--,--
K1616,成都,阳平关,15:31,23:17,07:46,--,--,18,有,1,有
K196,成都,阳平关,16:10,22:41,06:31,--,--,有,有,有,有
K206,成都,阳平关,16:20,23:53,07:33,--,--,有,有,有,有
D1942,成都东,宁强南,16:39,18:52,02:13,9,有,--,--,--,有
D1946,成都东,宁强南,17:33,19:48,02:15,有,有,--,--,--,有
K292,成都,阳平关,17:47,00:32,06:45,--,--,13,有,有,有
D1952,成都东,宁强南,18:58,21:13,02:15,无,无,--,--,--,无
K1364,成都,阳平关,22:00,05:11,07:11,--,--,有,有,有,有
K4223,成都,安顺,14:56,07:59,17:03,--,--,11,有,有,有
K206,成都,襄阳,16:20,11:29,19:09,--,--,有,有,有,有
Z124,成都,襄阳东,17:14,03:43,10:29,--,--,有,无,无,有
K284,成都,襄阳,18:22,11:18,16:56,--,--,有,有,有,有
T126,成都,襄阳东,22:45,11:35,12:50,--,--,19,4,有,有
K352,成都,襄阳东,23:51,13:14,13:23,--,--,14,有,有,有
K118,成都,襄阳,23:59,13:27,13:28,--,--,有,有,有,有
K998,成都,林东,22:16,11:57,37:41,--,--,无,无,有,有
K145,成都,昆明,14:28,09:28,19:00,--,--,无,1,1,有
K165,成都,昆明,14:57,10:12,19:15,--,--,无,无,无,有
K985,成都,昆明,16:03,10:32,18:29,--,--,无,无,有,有
G8713,成都东,梁平南,15:00,17:53,02:53,无,无,--,--,--,--
G8717,成都东,梁平南,15:49,18:54,03:05,无,有,--,--,--,--
G8721,成都东,梁平南,17:07,20:07,03:00,有,有,--,--,--,--
K588,成都,通道,17:52,10:05,16:13,--,--,无,无,有,有
K452,成都,和硕,15:55,04:42,36:47,--,--,20,有,有,有
D5180,成都东,岳池,21:03,23:08,02:05,有,有,--,--,--,有
K1616,成都,宝鸡,15:31,07:57,16:26,--,--,18,有,1,有
K196,成都,宝鸡,16:10,05:06,12:56,--,--,有,有,有,有
K292,成都,宝鸡,17:47,07:08,13:21,--,--,13,有,有,有
1486,成都,宝鸡,19:25,09:24,13:59,--,--,有,有,有,有
K246,成都,宝鸡,21:20,10:34,13:14,--,--,有,有,有,有
K1364,成都,宝鸡,22:00,11:38,13:38,--,--,有,有,有,有
K788,成都东,长沙,15:11,12:53,21:42,--,--,15,有,有,有
Z124,成都,长沙,17:14,10:55,17:41,--,--,有,无,无,有
K788,成都东,丰城,15:11,17:54,26:43,--,--,15,有,有,有
K4223,成都,南丹,14:56,14:14,23:18,--,--,11,有,有,有
K9483,成都,峨边,19:00,23:01,04:01,--,--,无,2,有,有
K652,成都东,黎塘,15:50,16:20,24:30,--,--,6,有,无,有
K998,成都,通辽,22:16,15:35,41:19,--,--,无,无,有,有
K788,成都东,向塘,15:11,18:23,27:12,--,--,15,有,有,有
D1946,成都东,朝天,17:33,19:35,02:02,有,有,--,--,--,有
G90,成都东,郑州东,15:01,20:14,05:13,无,无,--,--,--,--
G2210,成都东,郑州东,15:30,22:09,06:39,无,无,--,--,--,--
K206,成都,郑州,16:20,18:42,26:22,--,--,有,有,有,有
G2212,成都东,郑州东,17:21,23:21,06:00,11,有,--,--,--,--
K292,成都,郑州,17:47,17:30,23:43,--,--,13,有,有,有
K284,成都,郑州,18:22,18:58,24:36,--,--,有,有,有,有
K818,成都,郑州,19:30,13:04,17:34,--,--,有,有,有,有
K246,成都,郑州,21:20,19:34,22:14,--,--,有,有,有,有
K118,成都,郑州,23:59,21:09,21:10,--,--,有,有,有,有
G2210,成都东,洛阳龙门,15:30,21:13,05:43,无,有,--,--,--,--
G2212,成都东,洛阳龙门,17:21,22:41,05:20,11,有,--,--,--,--
K292,成都,洛阳,17:47,15:01,21:14,--,--,13,有,有,有
K818,成都,洛阳,19:30,11:25,15:55,--,--,有,有,有,有
K246,成都,洛阳,21:20,17:57,20:37,--,--,有,有,有,有
K1364,成都,洛阳,22:00,19:24,21:24,--,--,有,有,有,有
G90,成都东,北京西,15:01,22:48,07:47,无,无,--,--,--,--
K818,成都,北京西,19:30,21:06,25:36,--,--,有,有,有,有
K1364,成都,北京西,22:00,05:42,31:42,--,--,有,有,有,有
K118,成都,北京西,23:59,05:10,29:11,--,--,有,有,有,有
K998,成都,蒲城东,22:16,09:42,11:26,--,--,9,有,有,有
K246,成都,扬州,21:20,06:33,33:13,--,--,有,有,有,有
K986,成都,西宁,14:50,06:59,16:09,--,--,4,有,无,有
K2632,成都,西宁,18:40,10:24,15:44,--,--,19,有,有,有
K2058,成都,西宁,20:05,11:39,15:34,--,--,有,有,有,有
Z322,成都,西宁,21:37,12:07,14:30,--,--,有,有,有,有
K1058,成都,西宁,21:47,12:46,14:59,--,--,14,有,有,有
K284,成都,鲁山,18:22,14:40,20:18,--,--,有,有,有,有
K118,成都,鲁山,23:59,17:14,17:15,--,--,有,有,有,有
K4223,成都,宜州,14:56,16:32,25:36,--,--,10,有,有,有
K998,成都,集宁南,22:16,00:56,26:40,--,--,无,3,有,有
G8529,成都东,资中北,17:23,17:57,00:34,10,无,--,--,--,--
G8541,成都东,资中北,21:04,21:38,00:34,有,有,--,--,--,--
Z322,成都,拉萨,21:37,09:55,36:18,--,--,有,有,无,无
K530,成都东,阳新,22:43,19:32,20:49,--,--,有,有,有,有
K352,成都,阳新,23:51,21:52,22:01,--,--,14,有,有,有
K352,成都,嘉兴,23:51,11:06,35:15,--,--,14,有,有,有
K652,成都东,融安,15:50,11:36,19:46,--,--,7,有,1,有
K588,成都,融安,17:52,12:29,18:37,--,--,无,无,有,有
K588,成都,文地,17:52,20:00,26:08,--,--,无,无,有,有
D1936,成都东,广元,14:31,16:20,01:49,1,无,--,--,--,有
K986,成都,广元,14:50,20:35,05:45,--,--,12,有,无,有
D1938,成都东,广元,15:07,16:58,01:51,14,有,--,--,--,有
D1906,成都东,广元,15:21,17:14,01:53,无,无,--,--,--,--
G2210,成都东,广元,15:30,17:08,01:38,无,无,--,--,--,--
K1616,成都,广元,15:31,21:12,05:41,--,--,19,有,1,有
D1940,成都东,广元,15:39,17:30,01:51,无,有,--,--,--,有
K452,成都,广元,15:55,21:28,05:33,--,--,有,有,有,有
K9436,成都,广元,16:04,20:49,04:45,--,--,--,有,有,--
K196,成都,广元,16:10,20:54,04:44,--,--,有,有,有,有
K206,成都,广元,16:20,22:02,05:42,--,--,有,有,有,有
D1942,成都东,广元,16:39,18:24,01:45,10,有,--,--,--,有
C6312,成都东,广元,16:49,18:32,01:43,无,有,--,--,--,有
D1944,成都东,广元,16:57,18:48,01:51,18,有,--,--,--,有
G2212,成都东,广元,17:21,18:58,01:37,11,有,--,--,--,--
D1946,成都东,广元,17:33,19:16,01:43,有,有,--,--,--,有
K292,成都,广元,17:47,22:51,05:04,--,--,19,有,有,有
D1948,成都东,广元,17:56,19:47,01:51,无,有,--,--,--,有
D1950,成都东,广元,18:07,20:04,01:57,有,有,--,--,--,有
K284,成都,广元,18:22,23:18,04:56,--,--,有,有,有,有
K2632,成都,广元,18:40,00:14,05:34,--,--,有,有,有,有
D1952,成都东,广元,18:58,20:47,01:49,无,无,--,--,--,无
1486,成都,广元,19:25,00:42,05:17,--,--,有,有,有,有
K2058,成都,广元,20:05,01:23,05:18,--,--,有,有,有,有
K2616,成都,广元,20:26,01:39,05:13,--,--,16,有,有,有
K246,成都,广元,21:20,02:39,05:19,--,--,有,有,有,有
Z322,成都,广元,21:37,02:23,04:46,--,--,有,有,有,有
K1058,成都,广元,21:47,03:00,05:13,--,--,18,有,有,有
K1364,成都,广元,22:00,03:19,05:19,--,--,有,有,有,有
K452,成都,鄯善,15:55,00:07,32:12,--,--,20,有,有,有
K2058,成都,鄯善,20:05,05:54,33:49,--,--,有,有,有,有
K292,成都,苏州,17:47,04:25,34:38,--,--,12,有,有,有
C6271,成都南,双流西,14:54,15:13,00:19,无,无,--,--,--,无
K1616,成都,同心,15:31,15:26,23:55,--,--,18,有,1,有
T126,成都,东莞东,22:45,05:25,30:40,--,--,18,1,有,有
K4223,成都,广州东,14:56,09:23,42:27,--,--,10,有,有,有
Z124,成都,广州,17:14,18:22,25:08,--,--,有,无,无,有
K588,成都,广州,17:52,04:53,35:01,--,--,无,无,有,有
K4223,成都,肇庆,14:56,07:02,40:06,--,--,11,有,有,有
K588,成都,肇庆,17:52,02:51,32:59,--,--,无,无,有,有
K9483,成都,桐子林,19:00,08:26,13:26,--,--,无,无,有,有
K788,成都东,石门县北,15:11,09:08,17:57,--,--,15,有,有,有
K4223,成都,贵定南,14:56,10:57,20:01,--,--,11,有,有,有
G90,成都东,北京西,15:01,22:48,07:47,无,无,--,--,--,--
K818,成都,北京西,19:30,21:06,25:36,--,--,有,有,有,有
K1364,成都,北京西,22:00,05:42,31:42,--,--,有,有,有,有
K118,成都,北京西,23:59,05:10,29:11,--,--,有,有,有,有
D1936,成都东,绵阳,14:31,15:13,00:42,1,无,--,--,--,有
K986,成都,绵阳,14:50,16:16,01:26,--,--,16,有,8,有
D1906,成都东,绵阳,15:21,16:03,00:42,无,无,--,--,--,--
G2210,成都东,绵阳,15:30,16:13,00:43,无,无,--,--,--,--
K1616,成都,绵阳,15:31,16:57,01:26,--,--,20,有,无,有
C6310,成都南,绵阳,15:32,16:48,01:16,无,无,--,--,--,3
D1940,成都东,绵阳,15:39,16:21,00:42,无,有,--,--,--,有
K452,成都,绵阳,15:55,17:46,01:51,--,--,有,有,有,有
K206,成都,绵阳,16:20,18:02,01:42,--,--,有,有,有,有
C6312,成都东,绵阳,16:49,17:32,00:43,无,有,--,--,--,有
D1944,成都东,绵阳,16:57,17:45,00:48,17,有,--,--,--,有
G2212,成都东,绵阳,17:21,18:03,00:42,12,有,--,--,--,--
D1946,成都东,绵阳,17:33,18:15,00:42,有,有,--,--,--,有
K292,成都,绵阳,17:47,19:21,01:34,--,--,有,有,有,有
D1948,成都东,绵阳,17:56,18:44,00:48,无,有,--,--,--,有
K284,成都,绵阳,18:22,19:46,01:24,--,--,有,有,有,有
K2632,成都,绵阳,18:40,20:24,01:44,--,--,有,有,有,有
D1952,成都东,绵阳,18:58,19:46,00:48,无,3,--,--,--,无
1486,成都,绵阳,19:25,21:02,01:37,--,--,有,有,有,有
K2058,成都,绵阳,20:05,21:42,01:37,--,--,有,有,有,有
K2616,成都,绵阳,20:26,22:05,01:39,--,--,17,有,有,有
C6222,成都东,绵阳,21:12,21:48,00:36,无,有,--,--,--,有
K1058,成都,绵阳,21:47,23:14,01:27,--,--,有,有,有,有
K1364,成都,绵阳,22:00,23:40,01:40,--,--,有,有,有,有
1486,成都,侯马,19:25,17:11,21:46,--,--,有,有,有,有
D1906,成都东,太原南,15:21,22:51,07:30,无,无,--,--,--,--
1486,成都,太原,19:25,22:43,27:18,--,--,有,有,有,有
K530,成都东,义乌,22:43,03:14,28:31,--,--,有,有,有,有
K352,成都,义乌,23:51,08:27,32:36,--,--,14,有,有,有
K588,成都,深圳西,17:52,07:40,37:48,--,--,无,无,有,有
K998,成都,经棚,22:16,08:16,34:00,--,--,无,无,有,有
K4223,成都,贵定南,14:56,10:57,20:01,--,--,11,有,有,有
G2210,成都东,洛阳龙门,15:30,21:13,05:43,无,无,--,--,--,--
G2212,成都东,洛阳龙门,17:21,22:41,05:20,11,有,--,--,--,--
K292,成都,洛阳,17:47,15:01,21:14,--,--,13,有,有,有
K818,成都,洛阳,19:30,11:25,15:55,--,--,有,有,有,有
K246,成都,洛阳,21:20,17:57,20:37,--,--,有,有,有,有
K1364,成都,洛阳,22:00,19:24,21:24,--,--,有,有,有,有
K196,成都,鄂尔多斯,16:10,18:32,26:22,--,--,有,有,有,有
K998,成都,东胜西,22:16,19:18,21:02,--,--,9,有,有,有
K246,成都,凤县,21:20,07:34,10:14,--,--,有,有,有,有
G2210,成都东,灵宝西,15:30,20:23,04:53,无,无,--,--,--,--
K818,成都,灵宝,19:30,08:59,13:29,--,--,有,有,有,有
K206,成都,兖州,16:20,01:23,33:03,--,--,20,有,有,有
D1938,成都东,青川,15:07,16:31,01:24,14,有,--,--,--,有
D1940,成都东,青川,15:39,17:09,01:30,无,有,--,--,--,有
D1942,成都东,青川,16:39,18:03,01:24,9,有,--,--,--,有
D1948,成都东,青川,17:56,19:26,01:30,无,有,--,--,--,有
D1950,成都东,青川,18:07,19:37,01:30,有,有,--,--,--,有
K352,成都,海宁,23:51,10:43,34:52,--,--,14,有,有,有
K998,成都,洮南,22:16,18:34,44:18,--,--,无,无,有,有
Z322,成都,格尔木,21:37,19:20,21:43,--,--,有,有,1,无
K292,成都,义马,17:47,14:09,20:22,--,--,13,有,有,有
K1364,成都,新乡,22:00,22:40,24:40,--,--,有,有,有,有
K118,成都,新乡,23:59,22:27,22:28,--,--,有,有,有,有
K4223,成都,贵阳,14:56,09:50,18:54,--,--,11,有,有,有
K9454,成都东,贵阳,17:09,06:20,13:11,--,--,无,有,有,有
T8900,成都东,贵阳,19:07,07:12,12:05,--,--,无,3,--,--
1486,成都,蔡家坡,19:25,10:12,14:47,--,--,有,有,有,有
K9416,成都东,巴中,14:55,22:33,07:38,--,--,--,无,有,--
D1936,成都东,城固北,14:31,17:35,03:04,1,无,--,--,--,有
D1906,成都东,城固北,15:21,18:26,03:05,无,无,--,--,--,--
D1940,成都东,城固北,15:39,18:36,02:57,无,有,--,--,--,有
D1944,成都东,城固北,16:57,19:53,02:56,17,有,--,--,--,有
D1948,成都东,城固北,17:56,20:50,02:54,无,有,--,--,--,有
D1950,成都东,城固北,18:07,21:08,03:01,有,有,--,--,--,有
K145,成都,甘洛,14:28,19:35,05:07,--,--,1,无,2,有
K165,成都,甘洛,14:57,20:09,05:12,--,--,无,无,7,有
K998,成都,集宁南,22:16,00:56,26:40,--,--,无,3,有,有
K452,成都,武威,15:55,07:37,15:42,--,--,20,有,有,有
K145,成都,德昌,14:28,01:16,10:48,--,--,无,无,1,有
T8869,成都,德昌,17:55,05:51,11:56,--,--,无,无,2,有
K9491,成都,德昌,19:47,07:01,11:14,--,--,无,无,无,有
K246,成都,淮安,21:20,02:37,29:17,--,--,有,有,有,有
K652,成都东,黔江,15:50,00:55,09:05,--,--,9,有,1,有
K206,成都,开封,16:20,19:50,27:30,--,--,20,有,有,有
K284,成都,开封,18:22,20:10,25:48,--,--,19,有,有,有
K452,成都,吐鲁番,15:55,01:38,33:43,--,--,20,有,有,有
K2058,成都,吐鲁番,20:05,07:41,35:36,--,--,有,有,有,有
D1906,成都东,灵石东,15:21,22:07,06:46,无,无,--,--,--,--
1486,成都,灵石,19:25,19:56,24:31,--,--,有,有,有,有
K4223,成都,金城江,14:56,15:35,24:39,--,--,11,有,有,有
K352,成都,海宁,23:51,10:43,34:52,--,--,14,有,有,有
K986,成都,乐都,14:50,06:01,15:11,--,--,4,有,无,有
K1058,成都,乐都,21:47,11:39,13:52,--,--,14,有,有,有
1486,成都,平遥,19:25,20:55,25:30,--,--,有,有,有,有
C6271,成都南,乐山,14:54,16:01,01:07,无,8,--,--,--,3
C6273,成都东,乐山,16:14,17:20,01:06,无,1,--,--,--,无
C6309,成都东,乐山,17:10,18:29,01:19,无,14,--,--,--,有
C6311,成都东,乐山,19:02,20:02,01:00,无,无,--,--,--,无
K652,成都东,怀化,15:50,06:10,14:20,--,--,9,有,无,有
K588,成都,怀化,17:52,06:43,12:51,--,--,无,无,有,有
K196,成都,咸阳,16:10,07:01,14:51,--,--,有,有,有,有
1486,成都,咸阳,19:25,11:18,15:53,--,--,有,有,有,有
K1364,成都,咸阳,22:00,13:18,15:18,--,--,有,有,有,有
K530,成都东,杭州,22:43,05:04,30:21,--,--,有,有,有,有
K352,成都,杭州东,23:51,10:01,34:10,--,--,14,有,有,有
D1906,成都东,运城北,15:21,20:53,05:32,无,无,--,--,--,--
1486,成都,运城,19:25,15:56,20:31,--,--,有,有,有,有
K206,成都,青岛北,16:20,07:46,39:26,--,--,18,有,有,有
K352,成都,紫阳,23:51,06:55,07:04,--,--,14,有,有,有
K206,成都,兰考,16:20,20:21,28:01,--,--,20,有,有,有
K292,成都,兰考,17:47,18:59,25:12,--,--,13,有,有,有
K284,成都,兰考,18:22,20:42,26:20,--,--,19,有,有,有
K9416,成都东,平昌,14:55,21:42,06:47,--,--,--,无,有,--
K986,成都,兰州,14:50,03:47,12:57,--,--,4,有,无,有
K452,成都,兰州,15:55,03:54,11:59,--,--,有,有,有,有
K2632,成都,兰州,18:40,07:17,12:37,--,--,19,有,有,有
K2058,成都,兰州,20:05,08:05,12:00,--,--,有,有,有,有
K2616,成都,兰州,20:26,07:57,11:31,--,--,16,有,有,有
Z322,成都,兰州,21:37,09:11,11:34,--,--,有,有,有,有
K1058,成都,兰州,21:47,09:26,11:39,--,--,14,有,有,有
G90,成都东,石家庄,15:01,21:39,06:38,无,无,--,--,--,--
K818,成都,石家庄,19:30,17:48,22:18,--,--,有,有,有,有
K1364,成都,石家庄,22:00,02:31,28:31,--,--,有,有,有,有
K118,成都,石家庄,23:59,01:59,26:00,--,--,有,有,有,有
D5188,成都东,达州,14:35,17:10,02:35,1,10,--,--,--,有
K9416,成都东,达州,14:55,19:22,04:27,--,--,--,无,有,--
K788,成都东,达州,15:11,20:41,05:30,--,--,19,有,有,有
D5190,成都东,达州,16:09,18:51,02:42,有,有,--,--,--,有
D5192,成都东,达州,16:56,19:52,02:56,无,2,--,--,--,有
Z124,成都,达州,17:14,20:29,03:15,--,--,有,12,无,有
K818,成都,达州,19:30,23:54,04:24,--,--,有,有,有,有
D5194,成都东,达州,20:03,23:05,03:02,无,无,--,--,--,1
K998,成都,达州,22:16,02:10,03:54,--,--,11,有,有,有
K530,成都东,达州,22:43,02:34,03:51,--,--,有,有,有,有
T126,成都,达州,22:45,03:19,04:34,--,--,18,有,有,有
K352,成都,达州,23:51,04:16,04:25,--,--,16,有,有,有
K118,成都,达州,23:59,04:46,04:47,--,--,有,有,有,有
K196,成都,包头东,16:10,21:08,28:58,--,--,有,有,有,有
K998,成都,包头,22:16,20:59,22:43,--,--,9,有,有,有
K452,成都,鄯善,15:55,00:07,32:12,--,--,20,有,有,有
K2058,成都,鄯善,20:05,05:54,33:49,--,--,有,有,有,有
K196,成都,子长,16:10,13:14,21:04,--,--,有,有,有,有
K998,成都,子长,22:16,13:38,15:22,--,--,9,有,有,有
K206,成都,民权,16:20,20:46,28:26,--,--,20,有,有,有
K788,成都东,宜昌东,15:11,05:26,14:15,--,--,15,有,有,有
K530,成都东,宜昌东,22:43,10:27,11:44,--,--,有,有,有,有
K4223,成都,玉林,14:56,23:00,32:04,--,--,11,有,有,有
K588,成都,玉林,17:52,18:43,24:51,--,--,无,无,有,有
K998,成都,泰来,22:16,20:32,46:16,--,--,无,无,有,有
K196,成都,绥德,16:10,14:27,22:17,--,--,有,有,有,有
K998,成都,绥德,22:16,14:51,16:35,--,--,9,有,有,有
K2058,成都,玉门,20:05,20:11,24:06,--,--,有,有,有,有
G8521,成都东,内江北,14:25,15:05,00:40,无,2,--,--,--,--
K4223,成都,内江,14:56,18:42,03:46,--,--,11,有,有,有
G9533,成都东,内江北,15:21,16:01,00:40,1,3,--,--,--,--
G8525,成都东,内江北,16:18,17:05,00:47,有,有,--,--,--,--
G9535,成都东,内江北,16:32,17:12,00:40,有,有,--,--,--,--
G9537,成都东,内江北,17:53,18:33,00:40,有,有,--,--,--,--
G9539,成都东,内江北,18:12,19:11,00:59,有,有,--,--,--,--
G1709,成都东,内江北,18:20,19:01,00:41,有,有,--,--,--,--
G8535,成都东,内江北,19:36,20:16,00:40,有,有,--,--,--,--
G8541,成都东,内江北,21:04,21:51,00:47,有,有,--,--,--,--
K9445,成都,内江,23:32,04:15,04:43,--,--,--,1,有,--
K530,成都东,杭州,22:43,05:04,30:21,--,--,有,有,有,有
K352,成都,杭州东,23:51,10:01,34:10,--,--,14,有,有,有
K196,成都,榆林,16:10,15:53,23:43,--,--,有,有,有,有
K998,成都,榆林,22:16,16:15,17:59,--,--,9,有,有,有
C6271,成都南,彭山北,14:54,15:30,00:36,无,无,--,--,--,3
C6275,成都东,彭山北,18:01,18:45,00:44,有,有,--,--,--,有
G90,成都东,北京西,15:01,22:48,07:47,无,无,--,--,--,--
K818,成都,北京西,19:30,21:06,25:36,--,--,有,有,有,有
K1364,成都,北京西,22:00,05:42,31:42,--,--,有,有,有,有
K118,成都,北京西,23:59,05:10,29:11,--,--,有,有,有,有
K452,成都,金昌,15:55,08:26,16:31,--,--,20,有,有,有
1486,成都,霍州,19:25,19:16,23:51,--,--,有,有,有,有
K652,成都东,南宁,15:50,18:20,26:30,--,--,6,有,1,有
K530,成都东,恩施,22:43,07:30,08:47,--,--,有,有,有,有
K588,成都,深圳西,17:52,07:40,37:48,--,--,无,无,有,有
K788,成都东,长沙,15:11,12:53,21:42,--,--,15,有,有,有
Z124,成都,长沙,17:14,10:55,17:41,--,--,有,无,无,有
K292,成都,苏州,17:47,04:25,34:38,--,--,12,有,有,有
C6125,成都,安德,16:41,17:07,00:26,--,--,--,--,--,有
C6157,犀浦,离堆公园,15:29,16:02,00:33,--,--,--,--,--,有
D6195,成都,离堆公园,18:25,19:07,00:42,有,有,--,--,--,有
K206,成都,济南,16:20,03:58,35:38,--,--,18,有,有,有
K588,成都,深圳西,17:52,07:40,37:48,--,--,无,无,有,有
K788,成都东,长沙,15:11,12:53,21:42,--,--,15,有,有,有
Z124,成都,长沙,17:14,10:55,17:41,--,--,有,无,无,有
G90,成都东,石家庄,15:01,21:39,06:38,无,无,--,--,--,--
K818,成都,石家庄,19:30,17:48,22:18,--,--,有,有,有,有
K1364,成都,石家庄,22:00,02:31,28:31,--,--,有,有,有,有
K118,成都,石家庄,23:59,01:59,26:00,--,--,有,有,有,有
K4223,成都,六枝,14:56,07:02,16:06,--,--,10,有,有,有
K117,成都,冕宁,17:28,01:18,07:50,--,--,无,无,无,有
K206,成都,开封,16:20,19:50,27:30,--,--,20,有,有,有
K284,成都,开封,18:22,20:10,25:48,--,--,19,有,有,有
K998,成都,桑根达来,22:16,05:53,31:37,--,--,无,无,有,有
K452,成都,阿图什,15:55,19:55,52:00,--,--,20,有,有,有
C6121,犀浦,青城山,14:51,15:20,00:29,--,--,--,--,--,有
C6165,犀浦,青城山,15:46,16:15,00:29,--,--,--,--,--,有
C6125,成都,青城山,16:41,17:30,00:49,--,--,--,--,--,有
C6167,犀浦,青城山,17:32,18:01,00:29,--,--,--,--,--,有
C6127,犀浦,青城山,18:04,18:33,00:29,--,--,--,--,--,有
C6129,犀浦,青城山,18:51,19:34,00:43,--,--,--,--,--,有
C6133,犀浦,青城山,19:43,20:06,00:23,--,--,--,--,--,有
C6135,犀浦,青城山,20:37,21:06,00:29,--,--,--,--,--,有
C6139,犀浦,青城山,21:19,21:50,00:31,--,--,--,--,--,有
C6141,犀浦,青城山,22:17,22:40,00:23,--,--,--,--,--,有
K292,成都,蚌埠,17:47,23:40,29:53,--,--,13,有,有,有
K284,成都,蚌埠,18:22,01:22,31:00,--,--,19,有,有,有
K9416,成都东,营山,14:55,17:40,02:45,--,--,--,无,有,--
K788,成都东,营山,15:11,18:50,03:39,--,--,19,有,有,有
D5192,成都东,营山,16:56,19:02,02:06,1,无,--,--,--,有
D5156,成都东,营山,18:44,21:02,02:18,有,有,--,--,--,有
K818,成都,营山,19:30,22:50,03:20,--,--,有,有,有,有
D5194,成都东,营山,20:03,22:17,02:14,无,无,--,--,--,无
T126,成都,营山,22:45,02:04,03:19,--,--,19,有,有,有
K352,成都,营山,23:51,02:58,03:07,--,--,18,有,有,有
K4223,成都,广州东,14:56,09:23,42:27,--,--,11,有,有,有
Z124,成都,广州,17:14,18:22,25:08,--,--,有,无,无,有
K588,成都,广州,17:52,04:53,35:01,--,--,无,无,有,有
K452,成都,喀什,15:55,20:30,52:35,--,--,20,有,有,有
1486,成都,太谷,19:25,21:39,26:14,--,--,有,有,有,有
K292,成都,蚌埠,17:47,23:40,29:53,--,--,13,有,有,有
K284,成都,蚌埠,18:22,01:22,31:00,--,--,19,有,有,有
K1616,成都,平凉,15:31,12:03,20:32,--,--,18,有,1,有
K588,成都,兴业,17:52,18:08,24:16,--,--,无,无,有,有
G2210,成都东,洛阳龙门,15:30,21:13,05:43,无,无,--,--,--,--
G2212,成都东,洛阳龙门,17:21,22:41,05:20,11,有,--,--,--,--
K292,成都,洛阳,17:47,15:01,21:14,--,--,13,有,有,有
K818,成都,洛阳,19:30,11:25,15:55,--,--,有,有,有,有
K246,成都,洛阳,21:20,17:57,20:37,--,--,有,有,有,有
K1364,成都,洛阳,22:00,19:24,21:24,--,--,有,有,有,有
K1616,成都,平凉,15:31,12:03,20:32,--,--,18,有,1,有
K1058,成都,平安驿,21:47,12:04,14:17,--,--,14,有,有,有
G90,成都东,北京西,15:01,22:48,07:47,无,3,--,--,--,--
K818,成都,北京西,19:30,21:06,25:36,--,--,有,有,有,有
K1364,成都,北京西,22:00,05:42,31:42,--,--,有,有,有,有
K118,成都,北京西,23:59,05:10,29:11,--,--,有,有,有,有
K206,成都,淄博,16:20,05:11,36:51,--,--,18,有,有,有
K4223,成都,广州东,14:56,09:23,42:27,--,--,10,有,有,有
Z124,成都,广州,17:14,18:22,25:08,--,--,有,无,无,有
K588,成都,广州,17:52,04:53,35:01,--,--,无,无,有,有
K788,成都东,南昌,15:11,19:18,28:07,--,--,15,有,有,有
T126,成都,南昌,22:45,19:19,20:34,--,--,18,1,有,有
K352,成都,南昌,23:51,00:01,24:10,--,--,14,有,有,有
K352,成都,松江,23:51,11:50,35:59,--,--,14,有,有,有
1486,成都,平遥,19:25,20:55,25:30,--,--,有,有,有,有
K986,成都,兰州,14:50,03:47,12:57,--,--,4,有,无,有
K452,成都,兰州,15:55,03:54,11:59,--,--,有,有,有,有
K2632,成都,兰州,18:40,07:17,12:37,--,--,19,有,有,有
K2058,成都,兰州,20:05,08:05,12:00,--,--,有,有,有,有
K2616,成都,兰州,20:26,07:57,11:31,--,--,16,有,有,有
Z322,成都,兰州,21:37,09:11,11:34,--,--,有,有,有,有
K1058,成都,兰州,21:47,09:26,11:39,--,--,14,有,有,有
K196,成都,咸阳,16:10,07:01,14:51,--,--,有,有,有,有
1486,成都,咸阳,19:25,11:18,15:53,--,--,有,有,有,有
K1364,成都,咸阳,22:00,13:18,15:18,--,--,有,有,有,有
K788,成都东,益阳,15:11,11:14,20:03,--,--,15,有,有,有
D1936,成都东,宁强南,14:31,16:51,02:20,1,无,--,--,--,有
D1906,成都东,宁强南,15:21,17:42,02:21,无,无,--,--,--,--
K1616,成都,阳平关,15:31,23:17,07:46,--,--,18,有,1,有
K196,成都,阳平关,16:10,22:41,06:31,--,--,有,有,有,有
K206,成都,阳平关,16:20,23:53,07:33,--,--,有,有,有,有
D1942,成都东,宁强南,16:39,18:52,02:13,9,有,--,--,--,有
D1946,成都东,宁强南,17:33,19:48,02:15,有,有,--,--,--,有
K292,成都,阳平关,17:47,00:32,06:45,--,--,13,有,有,有
D1952,成都东,宁强南,18:58,21:13,02:15,无,无,--,--,--,无
K1364,成都,阳平关,22:00,05:11,07:11,--,--,有,有,有,有
D5174,成都东,广安南,17:49,19:56,02:07,无,1,--,--,--,无
D5180,成都东,广安南,21:03,23:22,02:19,有,有,--,--,--,有
Z124,成都,岳阳,17:14,09:30,16:16,--,--,有,无,无,有
K1364,成都,鹤壁,22:00,23:27,25:27,--,--,有,有,有,有
K9416,成都东,土溪,14:55,18:40,03:45,--,--,--,无,有,--
D5190,成都东,土溪,16:09,18:22,02:13,有,有,--,--,--,有
K2058,成都,乌鲁木齐,20:05,09:57,37:52,--,--,有,有,有,有
K788,成都东,宜春,15:11,16:02,24:51,--,--,15,有,有,有
K652,成都东,黎塘,15:50,16:20,24:30,--,--,6,有,无,有
D5174,成都东,广安南,17:49,19:56,02:07,无,无,--,--,--,无
D5180,成都东,广安南,21:03,23:22,02:19,有,有,--,--,--,有
D1936,成都东,广元,14:31,16:20,01:49,1,无,--,--,--,有
K986,成都,广元,14:50,20:35,05:45,--,--,12,有,无,有
D1938,成都东,广元,15:07,16:58,01:51,14,有,--,--,--,有
D1906,成都东,广元,15:21,17:14,01:53,无,无,--,--,--,--
G2210,成都东,广元,15:30,17:08,01:38,无,无,--,--,--,--
K1616,成都,广元,15:31,21:12,05:41,--,--,19,有,无,有
D1940,成都东,广元,15:39,17:30,01:51,无,有,--,--,--,有
K452,成都,广元,15:55,21:28,05:33,--,--,有,有,有,有
K9436,成都,广元,16:04,20:49,04:45,--,--,--,有,有,--
K196,成都,广元,16:10,20:54,04:44,--,--,有,有,有,有
K206,成都,广元,16:20,22:02,05:42,--,--,有,有,有,有
D1942,成都东,广元,16:39,18:24,01:45,9,有,--,--,--,有
C6312,成都东,广元,16:49,18:32,01:43,无,有,--,--,--,有
D1944,成都东,广元,16:57,18:48,01:51,17,有,--,--,--,有
G2212,成都东,广元,17:21,18:58,01:37,11,有,--,--,--,--
D1946,成都东,广元,17:33,19:16,01:43,有,有,--,--,--,有
K292,成都,广元,17:47,22:51,05:04,--,--,19,有,有,有
D1948,成都东,广元,17:56,19:47,01:51,无,有,--,--,--,有
D1950,成都东,广元,18:07,20:04,01:57,有,有,--,--,--,有
K284,成都,广元,18:22,23:18,04:56,--,--,有,有,有,有
K2632,成都,广元,18:40,00:14,05:34,--,--,有,有,有,有
D1952,成都东,广元,18:58,20:47,01:49,无,2,--,--,--,无
1486,成都,广元,19:25,00:42,05:17,--,--,有,有,有,有
K2058,成都,广元,20:05,01:23,05:18,--,--,有,有,有,有
K2616,成都,广元,20:26,01:39,05:13,--,--,16,有,有,有
K246,成都,广元,21:20,02:39,05:19,--,--,有,有,有,有
Z322,成都,广元,21:37,02:23,04:46,--,--,有,有,有,有
K1058,成都,广元,21:47,03:00,05:13,--,--,18,有,有,有
K1364,成都,广元,22:00,03:19,05:19,--,--,有,有,有,有
K652,成都东,潼南,15:50,18:22,02:32,--,--,11,有,无,有
K588,成都,潼南,17:52,20:39,02:47,--,--,8,有,有,有
D5102,成都东,潼南,18:36,19:50,01:14,无,无,--,--,--,2
1486,成都,介休,19:25,20:29,25:04,--,--,有,有,有,有
K452,成都,库车,15:55,09:56,42:01,--,--,20,有,有,有
K452,成都,哈密,15:55,21:05,29:10,--,--,20,有,有,有
K2058,成都,哈密,20:05,02:26,30:21,--,--,有,有,有,有
K1364,成都,鹤壁,22:00,23:27,25:27,--,--,有,有,有,有
G8713,成都东,长寿湖,15:00,17:16,02:16,无,11,--,--,--,--
G8717,成都东,长寿湖,15:49,18:12,02:23,无,有,--,--,--,--
K998,成都,牙克石,22:16,04:59,54:43,--,--,无,无,有,有
D1906,成都东,运城北,15:21,20:53,05:32,无,无,--,--,--,--
1486,成都,运城,19:25,15:56,20:31,--,--,有,有,有,有
K986,成都,乐都,14:50,06:01,15:11,--,--,4,有,1,有
K1058,成都,乐都,21:47,11:39,13:52,--,--,14,有,有,有
K284,成都,南召,18:22,14:05,19:43,--,--,有,有,有,有
K118,成都,南召,23:59,16:33,16:34,--,--,有,有,有,有
K165,成都,普雄,14:57,21:36,06:39,--,--,无,无,3,有
K117,成都,普雄,17:28,23:20,05:52,--,--,无,无,无,有
K9483,成都,普雄,19:00,02:18,07:18,--,--,无,无,有,有
K998,成都,大兴,22:16,21:28,47:12,--,--,无,无,有,有
K1364,成都,两当,22:00,07:51,09:51,--,--,有,有,有,有
T126,成都,东莞东,22:45,05:25,30:40,--,--,18,1,有,有
K530,成都东,当阳,22:43,11:20,12:37,--,--,有,有,有,有
K998,成都,镇赉,22:16,19:44,45:28,--,--,无,无,有,有
1486,成都,祁县,19:25,21:17,25:52,--,--,有,有,有,有
K998,成都,太平川,22:16,17:16,43:00,--,--,无,无,有,有
K246,成都,渑池,21:20,16:59,19:39,--,--,有,有,有,有
Z124,成都,岳阳,17:14,09:30,16:16,--,--,有,无,无,有
K292,成都,无锡,17:47,03:40,33:53,--,--,12,有,有,有
K284,成都,无锡,18:22,05:35,35:13,--,--,19,有,有,有
K196,成都,包头,16:10,20:21,28:11,--,--,有,有,有,有
K998,成都,包头,22:16,20:59,22:43,--,--,9,有,有,有
K292,成都,无锡,17:47,03:40,33:53,--,--,12,有,有,有
K284,成都,无锡,18:22,05:35,35:13,--,--,19,有,有,有
K1616,成都,固原,15:31,13:49,22:18,--,--,18,有,1,有
K652,成都东,牙屯堡,15:50,09:39,17:49,--,--,9,有,无,有
G90,成都东,郑州东,15:01,20:14,05:13,无,3,--,--,--,--
G2210,成都东,郑州东,15:30,22:09,06:39,无,无,--,--,--,--
K206,成都,郑州,16:20,18:42,26:22,--,--,有,有,有,有
G2212,成都东,郑州东,17:21,23:21,06:00,11,有,--,--,--,--
K292,成都,郑州,17:47,17:30,23:43,--,--,13,有,有,有
K284,成都,郑州,18:22,18:58,24:36,--,--,有,有,有,有
K818,成都,郑州,19:30,13:04,17:34,--,--,有,有,有,有
K246,成都,郑州,21:20,19:34,22:14,--,--,有,有,有,有
K118,成都,郑州,23:59,21:09,21:10,--,--,有,有,有,有
K788,成都东,醴陵,15:11,14:45,23:34,--,--,15,有,有,有
K206,成都,徐州,16:20,23:08,30:48,--,--,20,有,有,有
K292,成都,徐州,17:47,21:48,28:01,--,--,13,有,有,有
K284,成都,徐州,18:22,23:33,29:11,--,--,19,有,有,有
K246,成都,徐州,21:20,23:43,26:23,--,--,有,有,有,有
K652,成都东,怀化,15:50,06:10,14:20,--,--,9,有,2,有
K588,成都,怀化,17:52,06:43,12:51,--,--,无,无,有,有
K788,成都东,株洲,15:11,14:00,22:49,--,--,15,有,有,有
K530,成都东,京山,22:43,13:59,15:16,--,--,有,有,有,有
G90,成都东,石家庄,15:01,21:39,06:38,无,3,--,--,--,--
K818,成都,石家庄,19:30,17:48,22:18,--,--,有,有,有,有
K1364,成都,石家庄,22:00,02:31,28:31,--,--,有,有,有,有
K118,成都,石家庄,23:59,01:59,26:00,--,--,有,有,有,有
Z124,成都,汉口,17:14,06:27,13:13,--,--,有,无,无,有
K530,成都东,武昌,22:43,16:27,17:44,--,--,有,有,有,有
T126,成都,武昌,22:45,15:12,16:27,--,--,19,1,有,有
K352,成都,武昌,23:51,19:13,19:22,--,--,14,有,有,有
K196,成都,呼和浩特东,16:10,23:08,30:58,--,--,有,有,有,有
K998,成都,呼和浩特东,22:16,23:15,24:59,--,--,9,14,有,有
G8713,成都东,长寿湖,15:00,17:16,02:16,无,11,--,--,--,--
G8717,成都东,长寿湖,15:49,18:12,02:23,无,有,--,--,--,--
C6210,成都东,青白江东,14:19,14:33,00:14,有,有,--,--,--,有
C6310,成都南,青白江东,15:32,16:05,00:33,无,无,--,--,--,3
D1944,成都东,青白江东,16:57,17:11,00:14,15,有,--,--,--,有
C6214,成都东,青白江东,17:45,17:59,00:14,有,有,--,--,--,有
D1950,成都东,青白江东,18:07,18:21,00:14,有,有,--,--,--,有
D1952,成都东,青白江东,18:58,19:12,00:14,无,无,--,--,--,无
1486,成都,太谷,19:25,21:39,26:14,--,--,有,有,有,有
K292,成都,苏州,17:47,04:25,34:38,--,--,12,有,有,有
K452,成都,柳园,15:55,17:00,25:05,--,--,20,有,有,有
K2058,成都,柳园,20:05,22:18,26:13,--,--,有,有,有,有
K206,成都,民权,16:20,20:46,28:26,--,--,20,有,有,有
K206,成都,济南,16:20,03:58,35:38,--,--,18,有,有,有
G90,成都东,郑州东,15:01,20:14,05:13,无,3,--,--,--,--
G2210,成都东,郑州东,15:30,22:09,06:39,无,有,--,--,--,--
K206,成都,郑州,16:20,18:42,26:22,--,--,有,有,有,有
G2212,成都东,郑州东,17:21,23:21,06:00,11,有,--,--,--,--
K292,成都,郑州,17:47,17:30,23:43,--,--,13,有,有,有
K284,成都,郑州,18:22,18:58,24:36,--,--,有,有,有,有
K818,成都,郑州,19:30,13:04,17:34,--,--,有,有,有,有
K246,成都,郑州,21:20,19:34,22:14,--,--,有,有,有,有
K118,成都,郑州,23:59,21:09,21:10,--,--,有,有,有,有
G8713,成都东,复盛,15:00,16:52,01:52,无,11,--,--,--,--
Z124,成都,汉口,17:14,06:27,13:13,--,--,有,无,无,有
K530,成都东,武昌,22:43,16:27,17:44,--,--,有,有,有,有
T126,成都,武昌,22:45,15:12,16:27,--,--,19,1,有,有
K352,成都,武昌,23:51,19:13,19:22,--,--,14,有,有,有
K818,成都,潼关,19:30,08:00,12:30,--,--,有,有,有,有
K1364,成都,潼关,22:00,16:05,18:05,--,--,有,有,有,有
G9533,成都东,隆昌北,15:21,16:14,00:53,无,无,--,--,--,--
G8537,成都东,隆昌北,19:52,20:44,00:52,1,9,--,--,--,--
G8543,成都东,隆昌北,21:40,22:25,00:45,有,有,--,--,--,--
K788,成都东,遂宁,15:11,16:57,01:46,--,--,有,有,有,有
D5160,成都东,遂宁,15:42,16:39,00:57,无,1,--,--,--,有
K652,成都东,遂宁,15:50,17:35,01:45,--,--,12,有,4,有
D5164,成都东,遂宁,16:02,17:19,01:17,有,有,--,--,--,有
D5192,成都东,遂宁,16:56,17:53,00:57,2,1,--,--,--,有
D5174,成都东,遂宁,17:49,18:46,00:57,无,无,--,--,--,无
K588,成都,遂宁,17:52,19:25,01:33,--,--,8,有,有,有
D5156,成都东,遂宁,18:44,19:49,01:05,有,有,--,--,--,有
K818,成都,遂宁,19:30,21:23,01:53,--,--,有,有,有,有
D5194,成都东,遂宁,20:03,21:01,00:58,无,无,--,--,--,无
D5180,成都东,遂宁,21:03,22:01,00:58,有,有,--,--,--,有
K998,成都,遂宁,22:16,23:49,01:33,--,--,16,有,有,有
K530,成都东,遂宁,22:43,00:08,01:25,--,--,有,有,有,有
T126,成都,遂宁,22:45,00:24,01:39,--,--,19,有,有,有
K352,成都,遂宁,23:51,01:24,01:33,--,--,有,有,有,有
K118,成都,遂宁,23:59,01:33,01:34,--,--,有,有,有,有
K292,成都,上海,17:47,05:34,35:47,--,--,12,有,有,有
K284,成都,上海,18:22,07:02,36:40,--,--,19,有,有,有
K352,成都,上海南,23:51,12:35,36:44,--,--,14,有,有,有
C6271,成都南,眉山东,14:54,15:40,00:46,无,无,--,--,--,无
K165,成都,眉山,14:57,16:15,01:18,--,--,11,有,有,有
K985,成都,眉山,16:03,17:28,01:25,--,--,4,有,有,有
C6273,成都东,眉山东,16:14,16:59,00:45,无,1,--,--,--,无
C6309,成都东,眉山东,17:10,18:01,00:51,无,2,--,--,--,有
K117,成都,眉山,17:28,18:44,01:16,--,--,3,有,无,有
C6275,成都东,眉山东,18:01,18:57,00:56,有,有,--,--,--,有
C6277,成都南,眉山东,18:55,19:31,00:36,有,有,--,--,--,有
K9483,成都,眉山,19:00,20:33,01:33,--,--,1,有,有,有
G8713,成都东,万州北,15:00,18:22,03:22,无,无,--,--,--,--
K788,成都东,万州,15:11,00:33,09:22,--,--,17,有,有,有
G8717,成都东,万州北,15:49,19:22,03:33,无,有,--,--,--,--
G8721,成都东,万州北,17:07,20:35,03:28,有,有,--,--,--,--
K530,成都东,万州,22:43,05:08,06:25,--,--,有,有,有,有
K452,成都,马兰,15:55,04:09,36:14,--,--,20,有,有,有
K4223,成都,资阳,14:56,17:04,02:08,--,--,14,有,有,有
G9539,成都东,资阳北,18:12,18:37,00:25,有,有,--,--,--,--
1486,成都,榆次,19:25,22:10,26:45,--,--,有,有,有,有
K145,成都,禄丰南,14:28,08:24,17:56,--,--,无,无,1,有
K985,成都,禄丰南,16:03,09:34,17:31,--,--,无,无,有,有
K4223,成都,茂名西,14:56,02:45,35:49,--,--,11,有,有,有
K588,成都,茂名西,17:52,22:18,28:26,--,--,无,无,有,有
K145,成都,昆明,14:28,09:28,19:00,--,--,无,无,1,有
K165,成都,昆明,14:57,10:12,19:15,--,--,无,无,1,有
K985,成都,昆明,16:03,10:32,18:29,--,--,无,无,有,有
K9416,成都东,巴中,14:55,22:33,07:38,--,--,--,无,有,--
K998,成都,江桥,22:16,21:11,46:55,--,--,无,无,有,有
K452,成都,张掖,15:55,10:25,18:30,--,--,20,有,有,有
K2058,成都,张掖西,20:05,16:04,19:59,--,--,有,有,有,有
K352,成都,上饶,23:51,03:11,27:20,--,--,14,有,有,有
K292,成都,苏州,17:47,04:25,34:38,--,--,12,有,有,有
G8521,成都东,重庆北,14:25,16:06,01:41,无,2,--,--,--,--
G8713,成都东,重庆北,15:00,16:26,01:26,无,无,--,--,--,--
G9533,成都东,重庆北,15:21,17:09,01:48,无,无,--,--,--,--
G8717,成都东,重庆北,15:49,17:30,01:41,无,有,--,--,--,--
K652,成都东,重庆北,15:50,19:42,03:52,--,--,9,有,2,有
G8525,成都东,重庆北,16:18,17:59,01:41,有,有,--,--,--,--
G9535,成都东,重庆北,16:32,18:20,01:48,20,有,--,--,--,--
G8721,成都东,重庆北,17:07,18:49,01:42,有,有,--,--,--,--
G8529,成都东,重庆北,17:23,19:03,01:40,9,9,--,--,--,--
K588,成都,重庆北,17:52,21:50,03:58,--,--,6,有,有,有
G9537,成都东,重庆北,17:53,19:27,01:34,有,有,--,--,--,--
G9539,成都东,重庆北,18:12,20:09,01:57,有,有,--,--,--,--
G1709,成都东,重庆北,18:20,20:03,01:43,有,有,--,--,--,--
D5102,成都东,重庆北,18:36,20:46,02:10,无,无,--,--,--,无
G8535,成都东,重庆北,19:36,21:17,01:41,有,有,--,--,--,--
G8537,成都东,重庆北,19:52,21:39,01:47,无,2,--,--,--,--
G8541,成都东,重庆北,21:04,22:45,01:41,有,有,--,--,--,--
G8543,成都东,重庆北,21:40,23:14,01:34,有,有,--,--,--,--
K292,成都,南京,17:47,01:46,31:59,--,--,12,有,有,有
K284,成都,南京,18:22,03:44,33:22,--,--,19,有,有,有
K292,成都,无锡,17:47,03:40,33:53,--,--,12,有,有,有
K284,成都,无锡,18:22,05:35,35:13,--,--,19,有,有,有
K9436,成都,南部,16:04,19:06,03:02,--,--,--,有,有,无
K986,成都,兰州,14:50,03:47,12:57,--,--,4,有,1,有
K452,成都,兰州,15:55,03:54,11:59,--,--,有,有,有,有
K2632,成都,兰州,18:40,07:17,12:37,--,--,19,有,有,有
K2058,成都,兰州,20:05,08:05,12:00,--,--,有,有,有,有
K2616,成都,兰州,20:26,07:57,11:31,--,--,16,有,有,有
Z322,成都,兰州,21:37,09:11,11:34,--,--,有,有,有,有
K1058,成都,兰州,21:47,09:26,11:39,--,--,14,有,有,有
K452,成都,清水,15:55,11:59,20:04,--,--,20,有,有,有
K145,成都,西昌,14:28,00:11,09:43,--,--,无,1,无,有
K165,成都,西昌,14:57,00:45,09:48,--,--,无,无,3,有
K985,成都,西昌,16:03,01:38,09:35,--,--,无,无,有,有
K117,成都,西昌,17:28,02:01,08:33,--,--,无,1,无,有
T8869,成都,西昌,17:55,04:49,10:54,--,--,无,无,1,有
K9483,成都,西昌,19:00,05:39,10:39,--,--,无,无,有,有
K9491,成都,西昌,19:47,05:55,10:08,--,--,无,无,无,有
T8865,成都,西昌,20:51,07:40,10:49,--,--,无,无,--,--
G9533,成都东,荣昌北,15:21,16:28,01:07,无,无,--,--,--,--
G8717,成都东,荣昌北,15:49,16:48,00:59,无,有,--,--,--,--
G9535,成都东,荣昌北,16:32,17:32,01:00,有,有,--,--,--,--
G8721,成都东,荣昌北,17:07,17:59,00:52,有,有,--,--,--,--
D5156,成都东,蓬安,18:44,20:49,02:05,有,有,--,--,--,有
D5194,成都东,蓬安,20:03,22:04,02:01,无,无,--,--,--,无
K788,成都东,长沙,15:11,12:53,21:42,--,--,15,有,有,有
Z124,成都,长沙,17:14,10:55,17:41,--,--,有,无,无,有
K788,成都东,长沙,15:11,12:53,21:42,--,--,15,有,有,有
Z124,成都,长沙,17:14,10:55,17:41,--,--,有,无,无,有
C6121,犀浦,都江堰,14:51,15:10,00:19,--,--,--,--,--,有
C6165,犀浦,都江堰,15:46,16:05,00:19,--,--,--,--,--,有
C6123,犀浦,都江堰,16:34,17:03,00:29,--,--,--,--,--,有
C6125,成都,都江堰,16:41,17:20,00:39,--,--,--,--,--,有
C6167,犀浦,都江堰,17:32,17:51,00:19,--,--,--,--,--,有
C6127,犀浦,都江堰,18:04,18:23,00:19,--,--,--,--,--,有
C6129,犀浦,都江堰,18:51,19:24,00:33,--,--,--,--,--,有
C6131,犀浦,都江堰,19:12,19:31,00:19,--,--,--,--,--,有
C6135,犀浦,都江堰,20:37,20:56,00:19,--,--,--,--,--,有
C6137,犀浦,都江堰,20:48,21:06,00:18,--,--,--,--,--,有
C6139,犀浦,都江堰,21:19,21:38,00:19,--,--,--,--,--,有
K452,成都,焉耆,15:55,05:16,37:21,--,--,20,有,有,有
D1936,成都东,汉中,14:31,17:18,02:47,1,无,--,--,--,有
D1938,成都东,汉中,15:07,17:44,02:37,14,有,--,--,--,有
D1906,成都东,汉中,15:21,18:09,02:48,无,无,--,--,--,--
G2210,成都东,汉中,15:30,17:58,02:28,无,无,--,--,--,--
D1940,成都东,汉中,15:39,18:17,02:38,无,有,--,--,--,有
K206,成都,汉中,16:20,02:20,10:00,--,--,有,有,有,有
D1942,成都东,汉中,16:39,19:19,02:40,9,有,--,--,--,有
D1944,成都东,汉中,16:57,19:36,02:39,17,有,--,--,--,有
G2212,成都东,汉中,17:21,19:45,02:24,11,有,--,--,--,--
D1946,成都东,汉中,17:33,20:15,02:42,有,有,--,--,--,有
D1948,成都东,汉中,17:56,20:34,02:38,无,有,--,--,--,有
D1950,成都东,汉中,18:07,20:51,02:44,有,有,--,--,--,有
K284,成都,汉中,18:22,02:50,08:28,--,--,有,有,有,有
D1952,成都东,汉中,18:58,21:47,02:49,无,无,--,--,--,无
K292,成都,上海,17:47,05:34,35:47,--,--,12,有,有,有
K284,成都,上海,18:22,07:02,36:40,--,--,19,有,有,有
K352,成都,上海南,23:51,12:35,36:44,--,--,14,有,有,有
K788,成都东,长沙,15:11,12:53,21:42,--,--,15,有,有,有
Z124,成都,长沙,17:14,10:55,17:41,--,--,有,无,无,有
K145,成都,广通北,14:28,07:50,17:22,--,--,无,无,1,有
K165,成都,广通北,14:57,08:22,17:25,--,--,无,无,1,有
K985,成都,广通北,16:03,09:02,16:59,--,--,无,无,有,有
D6195,成都,迎宾路,18:25,19:00,00:35,有,有,--,--,--,有
K206,成都,汝州,16:20,15:46,23:26,--,--,有,有,有,有
K284,成都,汝州,18:22,15:58,21:36,--,--,有,有,有,有
K118,成都,汝州,23:59,18:17,18:18,--,--,有,有,有,有
K292,成都,上海,17:47,05:34,35:47,--,--,12,有,有,有
K284,成都,上海,18:22,07:02,36:40,--,--,19,有,有,有
K352,成都,上海南,23:51,12:35,36:44,--,--,14,有,有,有
K588,成都,深圳西,17:52,07:40,37:48,--,--,无,无,有,有
T126,成都,惠州,22:45,04:38,29:53,--,--,18,1,有,有
K246,成都,淮安,21:20,02:37,29:17,--,--,有,有,有,有
D1938,成都东,广汉北,15:07,15:25,00:18,11,有,--,--,--,有
D1944,成都东,广汉北,16:57,17:21,00:24,16,有,--,--,--,有
D1948,成都东,广汉北,17:56,18:14,00:18,无,有,--,--,--,有
C6218,成都东,广汉北,19:53,20:17,00:24,有,有,--,--,--,有
K998,成都,镇安,22:16,06:51,08:35,--,--,10,有,有,有
K206,成都,泰山,16:20,02:23,34:03,--,--,18,有,有,有
K652,成都东,秀山,15:50,03:04,11:14,--,--,9,有,无,有
K588,成都,秀山,17:52,03:48,09:56,--,--,1,无,有,有
K998,成都,黄陵南,22:16,11:00,12:44,--,--,9,有,有,有
G2210,成都东,佛坪,15:30,18:34,03:04,无,8,--,--,--,--
D1950,成都东,佛坪,18:07,21:37,03:30,有,有,--,--,--,有
K452,成都,嘉峪关,15:55,13:09,21:14,--,--,20,有,有,有
K2058,成都,嘉峪关,20:05,18:28,22:23,--,--,有,有,有,有
K452,成都,武威,15:55,07:37,15:42,--,--,20,有,有,有
K1058,成都,平安驿,21:47,12:04,14:17,--,--,14,有,有,有
K206,成都,济南,16:20,03:58,35:38,--,--,18,有,有,有
G9535,成都东,璧山,16:32,17:52,01:20,20,有,--,--,--,--
G8721,成都东,璧山,17:07,18:20,01:13,有,有,--,--,--,--
G8535,成都东,璧山,19:36,20:49,01:13,有,有,--,--,--,--
K2632,成都,漳县,18:40,04:49,10:09,--,--,19,有,有,有
K2058,成都,漳县,20:05,05:53,09:48,--,--,有,有,有,有
K1058,成都,漳县,21:47,07:12,09:25,--,--,14,有,有,有
K818,成都,保定,19:30,19:21,23:51,--,--,有,有,有,有
K1364,成都,保定,22:00,03:57,29:57,--,--,有,有,有,有
K118,成都,保定,23:59,03:25,27:26,--,--,有,有,有,有
G2210,成都东,巩义南,15:30,21:29,05:59,无,7,--,--,--,--
K292,成都,巩义,17:47,15:56,22:09,--,--,13,有,有,有
K118,成都,巩义,23:59,20:06,20:07,--,--,有,有,有,有
Z124,成都,汉口,17:14,06:27,13:13,--,--,有,无,无,有
K530,成都东,武昌,22:43,16:27,17:44,--,--,有,有,有,有
T126,成都,武昌,22:45,15:12,16:27,--,--,19,1,有,有
K352,成都,武昌,23:51,19:13,19:22,--,--,14,有,有,有
K145,成都,燕岗,14:28,16:43,02:15,--,--,1,1,1,有
K9483,成都,燕岗,19:00,21:50,02:50,--,--,无,14,有,有
K788,成都东,萍乡,15:11,15:13,24:02,--,--,15,有,有,有
K284,成都,邓州,18:22,12:40,18:18,--,--,有,有,有,有
G8713,成都东,万州北,15:00,18:22,03:22,无,10,--,--,--,--
K788,成都东,万州,15:11,00:33,09:22,--,--,17,有,有,有
G8717,成都东,万州北,15:49,19:22,03:33,无,有,--,--,--,--
G8721,成都东,万州北,17:07,20:35,03:28,有,有,--,--,--,--
K530,成都东,万州,22:43,05:08,06:25,--,--,有,有,有,有
C6189,犀浦,郫县,17:11,17:18,00:07,--,--,--,--,--,有
C6129,犀浦,郫县,18:51,19:02,00:11,--,--,--,--,--,有
D5160,成都东,武胜,15:42,18:04,02:22,无,无,--,--,--,有
1486,成都,祁县,19:25,21:17,25:52,--,--,有,有,有,有
K196,成都,延安,16:10,11:58,19:48,--,--,有,有,有,有
K998,成都,延安,22:16,12:19,14:03,--,--,9,有,有,有
C6157,犀浦,郫县西,15:29,15:42,00:13,--,--,--,--,--,有
C6123,犀浦,郫县西,16:34,16:47,00:13,--,--,--,--,--,有
C6129,犀浦,郫县西,18:51,19:08,00:17,--,--,--,--,--,有
K998,成都,大板,22:16,10:26,36:10,--,--,无,无,有,有
T126,成都,惠州,22:45,04:38,29:53,--,--,18,1,有,有
G9533,成都东,隆昌北,15:21,16:14,00:53,无,4,--,--,--,--
G8537,成都东,隆昌北,19:52,20:44,00:52,1,无,--,--,--,--
G8543,成都东,隆昌北,21:40,22:25,00:45,有,有,--,--,--,--
K530,成都东,景德镇北,22:43,22:33,23:50,--,--,有,有,有,有
K788,成都东,长沙,15:11,12:53,21:42,--,--,15,有,有,有
Z124,成都,长沙,17:14,10:55,17:41,--,--,有,无,无,有
K145,成都,元谋,14:28,05:51,15:23,--,--,无,无,无,有
K985,成都,元谋,16:03,07:16,15:13,--,--,无,无,有,有
K998,成都,查布嘎,22:16,12:53,38:37,--,--,无,无,有,有
K998,成都,白城,22:16,19:04,44:48,--,--,无,无,有,有
K985,成都,黑井,16:03,08:26,16:23,--,--,无,无,有,有
1486,成都,霍州,19:25,19:16,23:51,--,--,有,有,有,有
1486,成都,永济,19:25,15:06,19:41,--,--,有,有,有,有
K4223,成都,昭通,14:56,02:41,11:45,--,--,11,有,有,有
D1906,成都东,太原南,15:21,22:51,07:30,无,无,--,--,--,--
1486,成都,太原,19:25,22:43,27:18,--,--,有,有,有,有
K652,成都东,涪陵,15:50,22:26,06:36,--,--,9,有,无,有
K588,成都,涪陵,17:52,23:31,05:39,--,--,2,1,有,有
D5102,成都东,涪陵北,18:36,21:31,02:55,无,无,--,--,--,无
D1936,成都东,西安北,14:31,18:51,04:20,1,无,--,--,--,有
G90,成都东,西安北,15:01,18:16,03:15,无,2,--,--,--,--
D1938,成都东,阿房宫,15:07,19:04,03:57,10,有,--,--,--,有
D1906,成都东,西安北,15:21,19:39,04:18,无,无,--,--,--,--
G2210,成都东,西安北,15:30,19:28,03:58,无,7,--,--,--,--
D1940,成都东,西安北,15:39,19:57,04:18,无,有,--,--,--,有
K196,成都,西安,16:10,07:38,15:28,--,--,有,有,有,有
D1942,成都东,西安北,16:39,20:48,04:09,9,有,--,--,--,有
D1944,成都东,西安北,16:57,21:20,04:23,15,有,--,--,--,有
G2212,成都东,阿房宫,17:21,20:52,03:31,11,有,--,--,--,--
D1946,成都东,西安北,17:33,21:44,04:11,有,有,--,--,--,有
K292,成都,西安,17:47,09:16,15:29,--,--,13,有,有,有
D1948,成都东,西安北,17:56,22:03,04:07,无,有,--,--,--,有
D1950,成都东,西安北,18:07,22:31,04:24,有,有,--,--,--,有
D1952,成都东,西安北,18:58,23:11,04:13,无,1,--,--,--,无
1486,成都,西安,19:25,11:45,16:20,--,--,有,有,有,有
K246,成都,西安,21:20,12:42,15:22,--,--,有,有,有,有
K1364,成都,西安,22:00,13:51,15:51,--,--,有,有,有,有
K998,成都,西安南,22:16,08:02,09:46,--,--,10,有,有,有
K788,成都东,株洲,15:11,14:00,22:49,--,--,15,有,有,有
K9416,成都东,巴中,14:55,22:33,07:38,--,--,--,无,有,无
K206,成都,南阳,16:20,13:31,21:11,--,--,有,有,有,有
K118,成都,南阳,23:59,15:40,15:41,--,--,有,有,有,有
K206,成都,泰山,16:20,02:23,34:03,--,--,18,有,有,有
K352,成都,安陆,23:51,16:39,16:48,--,--,14,有,有,有
G2210,成都东,渭南北,15:30,19:51,04:21,无,7,--,--,--,--
G2212,成都东,渭南北,17:21,21:33,04:12,11,有,--,--,--,--
K292,成都,渭南,17:47,10:19,16:32,--,--,13,有,有,有
1486,成都,渭南,19:25,12:45,17:20,--,--,有,有,有,有
K1364,成都,渭南,22:00,14:50,16:50,--,--,有,有,有,有
K246,成都,新沂,21:20,01:13,27:53,--,--,有,有,有,有
K530,成都东,黄石,22:43,18:57,20:14,--,--,有,有,有,有
T126,成都,黄石,22:45,16:53,18:08,--,--,18,无,有,有
K352,成都,黄石,23:51,21:20,21:29,--,--,14,有,有,有
K1364,成都,安阳,22:00,23:58,25:58,--,--,有,有,有,有
K118,成都,安阳,23:59,23:38,23:39,--,--,有,有,有,有
K4223,成都,贵定南,14:56,10:57,20:01,--,--,11,有,有,有
1486,成都,侯马,19:25,17:11,21:46,--,--,有,有,有,有
K4223,成都,都匀,14:56,11:39,20:43,--,--,11,有,有,有
K206,成都,潍坊,16:20,06:09,37:49,--,--,18,有,有,有
K206,成都,商丘,16:20,21:29,29:09,--,--,20,有,有,有
K292,成都,商丘,17:47,20:01,26:14,--,--,13,有,有,有
K284,成都,商丘,18:22,21:45,27:23,--,--,19,有,有,有
D1906,成都东,临汾西,15:21,21:31,06:10,无,2,--,--,--,--
1486,成都,临汾,19:25,18:06,22:41,--,--,有,有,有,有
Z322,成都,德令哈,21:37,16:35,18:58,--,--,有,有,无,无
K986,成都,兰州,14:50,03:47,12:57,--,--,4,有,1,有
K452,成都,兰州,15:55,03:54,11:59,--,--,有,有,有,有
K2632,成都,兰州,18:40,07:17,12:37,--,--,19,有,有,有
K2058,成都,兰州,20:05,08:05,12:00,--,--,有,有,有,有
K2616,成都,兰州,20:26,07:57,11:31,--,--,16,有,有,有
Z322,成都,兰州,21:37,09:11,11:34,--,--,有,有,有,有
K1058,成都,兰州,21:47,09:26,11:39,--,--,14,有,有,有
K9445,成都,自贡,23:32,05:35,06:03,--,--,--,无,有,无
D5102,成都东,丰都,18:36,21:52,03:16,无,无,--,--,--,无
K452,成都,酒泉,15:55,12:46,20:51,--,--,20,有,有,有
K2058,成都,酒泉南,20:05,17:58,21:53,--,--,有,有,有,有
K788,成都东,宜春,15:11,16:02,24:51,--,--,15,有,有,有
K196,成都,东胜西,16:10,18:51,26:41,--,--,有,有,有,有
K998,成都,东胜西,22:16,19:18,21:02,--,--,9,有,有,有
K998,成都,齐齐哈尔,22:16,22:30,48:14,--,--,无,无,有,有
K4223,成都,柳州,14:56,18:41,27:45,--,--,11,有,有,有
K652,成都东,柳江,15:50,14:08,22:18,--,--,7,有,无,有
K588,成都,柳江,17:52,14:37,20:45,--,--,无,无,有,有
G8529,成都东,永川东,17:23,18:29,01:06,7,2,--,--,--,--
G1709,成都东,永川东,18:20,19:27,01:07,有,有,--,--,--,--
G8537,成都东,永川东,19:52,21:05,01:13,无,无,--,--,--,--
K196,成都,包头,16:10,20:21,28:11,--,--,有,有,有,有
K998,成都,包头,22:16,20:59,22:43,--,--,9,有,有,有
K788,成都东,萍乡,15:11,15:13,24:02,--,--,15,有,有,有
K818,成都,邯郸,19:30,15:59,20:29,--,--,有,有,有,有
K1364,成都,邯郸,22:00,00:36,26:36,--,--,有,有,有,有
K1616,成都,银川,15:31,20:45,29:14,--,--,18,有,无,有
T126,成都,惠州,22:45,04:38,29:53,--,--,13,无,有,有
K9416,成都东,南充,14:55,17:01,02:06,--,--,--,无,有,无
K788,成都东,南充,15:11,18:03,02:52,--,--,有,有,有,有
D5160,成都东,南充北,15:42,17:15,01:33,无,无,--,--,--,有
K9436,成都,南充北,16:04,18:26,02:22,--,--,--,有,有,无
D5192,成都东,南充,16:56,18:30,01:34,1,无,--,--,--,有
Z124,成都,南充,17:14,19:05,01:51,--,--,有,有,无,有
D5156,成都东,南充,18:44,20:25,01:41,有,有,--,--,--,有
K818,成都,南充,19:30,22:10,02:40,--,--,有,有,有,有
D5194,成都东,南充,20:03,21:38,01:35,无,无,--,--,--,无
K530,成都东,南充,22:43,00:54,02:11,--,--,有,有,有,有
T126,成都,南充,22:45,01:24,02:39,--,--,19,有,有,有
K352,成都,南充,23:51,02:12,02:21,--,--,有,有,有,有
K118,成都,南充,23:59,02:31,02:32,--,--,有,有,有,有
K4223,成都,都匀,14:56,11:39,20:43,--,--,11,有,有,有
K452,成都,鄯善,15:55,00:07,32:12,--,--,20,有,有,有
K2058,成都,鄯善,20:05,05:54,33:49,--,--,有,有,有,有
K4223,成都,简阳,14:56,16:19,01:23,--,--,14,有,有,有
G8717,成都东,简阳南,15:49,16:08,00:19,3,7,--,--,--,--
G8525,成都东,简阳南,16:18,16:37,00:19,有,有,--,--,--,--
G8537,成都东,简阳南,19:52,20:11,00:19,1,无,--,--,--,--
K2058,成都,玉门,20:05,20:11,24:06,--,--,有,有,有,有
K998,成都,蒲城东,22:16,09:42,11:26,--,--,9,有,有,有
D1938,成都东,广汉北,15:07,15:25,00:18,14,有,--,--,--,有
D1944,成都东,广汉北,16:57,17:21,00:24,17,有,--,--,--,有
D1948,成都东,广汉北,17:56,18:14,00:18,无,有,--,--,--,有
C6218,成都东,广汉北,19:53,20:17,00:24,有,有,--,--,--,有
K206,成都,兰考,16:20,20:21,28:01,--,--,20,有,有,有
K292,成都,兰考,17:47,18:59,25:12,--,--,13,有,有,有
K284,成都,兰考,18:22,20:42,26:20,--,--,19,有,有,有
K4223,成都,宜宾,14:56,21:13,06:17,--,--,12,有,有,有
K9445,成都,宜宾,23:32,07:09,07:37,--,--,--,无,有,--
K4223,成都,广州东,14:56,09:23,42:27,--,--,11,有,有,有
Z124,成都,广州,17:14,18:22,25:08,--,--,有,无,无,有
K588,成都,广州,17:52,04:53,35:01,--,--,无,无,有,有
K284,成都,西乡,18:22,04:08,09:46,--,--,有,有,有,有
K4223,成都,肇庆,14:56,07:02,40:06,--,--,11,有,有,有
K588,成都,肇庆,17:52,02:51,32:59,--,--,无,无,有,有
K530,成都东,鄂州,22:43,18:19,19:36,--,--,有,有,有,有
K352,成都,鄂州,23:51,20:53,21:02,--,--,14,有,有,有
K352,成都,宣汉,23:51,05:04,05:13,--,--,14,有,有,有
K998,成都,商都,22:16,02:17,28:01,--,--,无,无,有,有
K530,成都东,黄石,22:43,18:57,20:14,--,--,有,有,有,有
T126,成都,黄石,22:45,16:53,18:08,--,--,13,无,有,有
K352,成都,黄石,23:51,21:20,21:29,--,--,14,有,有,有
D1936,成都东,西安北,14:31,18:51,04:20,1,无,--,--,--,有
G90,成都东,西安北,15:01,18:16,03:15,无,2,--,--,--,--
D1938,成都东,阿房宫,15:07,19:04,03:57,10,有,--,--,--,有
D1906,成都东,西安北,15:21,19:39,04:18,无,无,--,--,--,--
G2210,成都东,西安北,15:30,19:28,03:58,无,3,--,--,--,--
D1940,成都东,西安北,15:39,19:57,04:18,无,有,--,--,--,有
K196,成都,西安,16:10,07:38,15:28,--,--,有,有,有,有
D1942,成都东,西安北,16:39,20:48,04:09,9,有,--,--,--,有
D1944,成都东,西安北,16:57,21:20,04:23,15,有,--,--,--,有
G2212,成都东,阿房宫,17:21,20:52,03:31,11,有,--,--,--,--
D1946,成都东,西安北,17:33,21:44,04:11,有,有,--,--,--,有
K292,成都,西安,17:47,09:16,15:29,--,--,13,有,有,有
D1948,成都东,西安北,17:56,22:03,04:07,无,有,--,--,--,有
D1950,成都东,西安北,18:07,22:31,04:24,有,有,--,--,--,有
D1952,成都东,西安北,18:58,23:11,04:13,无,2,--,--,--,无
1486,成都,西安,19:25,11:45,16:20,--,--,有,有,有,有
K246,成都,西安,21:20,12:42,15:22,--,--,有,有,有,有
K1364,成都,西安,22:00,13:51,15:51,--,--,有,有,有,有
K998,成都,西安南,22:16,08:02,09:46,--,--,10,有,有,有
K246,成都,沭阳,21:20,01:54,28:34,--,--,有,有,有,有
G90,成都东,北京西,15:01,22:48,07:47,无,3,--,--,--,--
K818,成都,北京西,19:30,21:06,25:36,--,--,有,有,有,有
K1364,成都,北京西,22:00,05:42,31:42,--,--,有,有,有,有
K118,成都,北京西,23:59,05:10,29:11,--,--,有,有,有,有
D1936,成都东,剑门关,14:31,16:04,01:33,1,无,--,--,--,有
D1938,成都东,剑门关,15:07,16:42,01:35,11,有,--,--,--,有
D1944,成都东,剑门关,16:57,18:31,01:34,15,有,--,--,--,有
D1950,成都东,剑门关,18:07,19:48,01:41,有,有,--,--,--,有
K196,成都,呼和浩特,16:10,22:48,30:38,--,--,有,有,有,有
K998,成都,呼和浩特东,22:16,23:15,24:59,--,--,9,14,有,有
K9416,成都东,南充,14:55,17:01,02:06,--,--,--,无,有,--
K788,成都东,南充,15:11,18:03,02:52,--,--,有,有,有,有
D5160,成都东,南充北,15:42,17:15,01:33,无,无,--,--,--,有
K9436,成都,南充北,16:04,18:26,02:22,--,--,--,有,有,--
D5192,成都东,南充,16:56,18:30,01:34,2,无,--,--,--,有
Z124,成都,南充,17:14,19:05,01:51,--,--,有,有,无,有
D5156,成都东,南充,18:44,20:25,01:41,有,有,--,--,--,有
K818,成都,南充,19:30,22:10,02:40,--,--,有,有,有,有
D5194,成都东,南充,20:03,21:38,01:35,无,无,--,--,--,无
K530,成都东,南充,22:43,00:54,02:11,--,--,有,有,有,有
T126,成都,南充,22:45,01:24,02:39,--,--,19,有,有,有
K352,成都,南充,23:51,02:12,02:21,--,--,有,有,有,有
K118,成都,南充,23:59,02:31,02:32,--,--,有,有,有,有
K292,成都,杨陵,17:47,08:14,14:27,--,--,13,有,有,有
K246,成都,杨陵,21:20,11:40,14:20,--,--,有,有,有,有
K998,成都,通辽,22:16,15:35,41:19,--,--,无,无,有,有
K788,成都东,樟树,15:11,17:33,26:22,--,--,15,有,有,有
K986,成都,海石湾,14:50,05:29,14:39,--,--,4,有,无,有
K1058,成都,海石湾,21:47,11:06,13:19,--,--,14,有,有,有
K998,成都,齐齐哈尔,22:16,22:30,48:14,--,--,无,无,有,有
K292,成都,无锡,17:47,03:40,33:53,--,--,12,有,有,有
K284,成都,无锡,18:22,05:35,35:13,--,--,19,有,有,有
T126,成都,惠州,22:45,04:38,29:53,--,--,13,无,有,有
K4223,成都,六盘水,14:56,05:19,14:23,--,--,11,有,有,有
K4223,成都,安顺,14:56,07:59,17:03,--,--,11,有,有,有
K788,成都东,株洲,15:11,14:00,22:49,--,--,15,有,有,有
D1936,成都东,江油,14:31,15:32,01:01,1,无,--,--,--,有
K986,成都,江油,14:50,17:00,02:10,--,--,14,有,无,有
D1938,成都东,江油北,15:07,16:14,01:07,14,有,--,--,--,有
D1906,成都东,江油,15:21,16:22,01:01,无,无,--,--,--,--
K1616,成都,江油,15:31,17:39,02:08,--,--,19,有,1,有
C6310,成都南,江油,15:32,17:07,01:35,无,无,--,--,--,无
D1940,成都东,江油,15:39,16:40,01:01,无,有,--,--,--,有
K452,成都,江油,15:55,18:29,02:34,--,--,有,有,有,有
K206,成都,江油,16:20,18:56,02:36,--,--,有,有,有,有
D1942,成都东,江油,16:39,17:34,00:55,9,有,--,--,--,有
C6312,成都东,江油,16:49,17:51,01:02,无,有,--,--,--,有
D1946,成都东,江油北,17:33,18:46,01:13,有,有,--,--,--,有
K292,成都,江油,17:47,20:02,02:15,--,--,19,有,有,有
D1950,成都东,江油,18:07,19:08,01:01,有,有,--,--,--,有
K284,成都,江油,18:22,20:27,02:05,--,--,有,有,有,有
K2632,成都,江油,18:40,21:05,02:25,--,--,有,有,有,有
D1952,成都东,江油,18:58,20:05,01:07,无,无,--,--,--,无
1486,成都,江油,19:25,21:46,02:21,--,--,有,有,有,有
K2058,成都,江油,20:05,22:26,02:21,--,--,有,有,有,有
K2616,成都,江油,20:26,22:46,02:20,--,--,16,有,有,有
C6222,成都东,江油,21:12,22:09,00:57,无,有,--,--,--,有
K246,成都,江油,21:20,23:29,02:09,--,--,有,有,有,有
K1058,成都,江油,21:47,00:01,02:14,--,--,18,有,有,有
K1364,成都,江油,22:00,00:26,02:26,--,--,有,有,有,有
K206,成都,十堰,16:20,08:53,16:33,--,--,有,有,有,有
K284,成都,十堰,18:22,09:01,14:39,--,--,有,有,有,有
T126,成都,十堰,22:45,09:35,10:50,--,--,14,5,有,有
K352,成都,十堰,23:51,10:40,10:49,--,--,14,有,有,有
K986,成都,兰州,14:50,03:47,12:57,--,--,4,有,无,有
K452,成都,兰州,15:55,03:54,11:59,--,--,有,有,有,有
K2632,成都,兰州,18:40,07:17,12:37,--,--,19,有,有,有
K2058,成都,兰州,20:05,08:05,12:00,--,--,有,有,有,有
K2616,成都,兰州,20:26,07:57,11:31,--,--,16,有,有,有
Z322,成都,兰州,21:37,09:11,11:34,--,--,有,有,有,有
K1058,成都,兰州,21:47,09:26,11:39,--,--,14,有,有,有
G8521,成都东,内江北,14:25,15:05,00:40,无,14,--,--,--,--
K4223,成都,内江,14:56,18:42,03:46,--,--,12,有,有,有
G9533,成都东,内江北,15:21,16:01,00:40,无,无,--,--,--,--
G8525,成都东,内江北,16:18,17:05,00:47,有,有,--,--,--,--
G9535,成都东,内江北,16:32,17:12,00:40,有,有,--,--,--,--
G9537,成都东,内江北,17:53,18:33,00:40,有,有,--,--,--,--
G9539,成都东,内江北,18:12,19:11,00:59,有,有,--,--,--,--
G1709,成都东,内江北,18:20,19:01,00:41,有,有,--,--,--,--
G8535,成都东,内江北,19:36,20:16,00:40,有,有,--,--,--,--
G8541,成都东,内江北,21:04,21:51,00:47,有,有,--,--,--,--
K9445,成都,内江,23:32,04:15,04:43,--,--,--,1,有,--
K588,成都,深圳西,17:52,07:40,37:48,--,--,无,无,有,有
K588,成都,河唇,17:52,20:40,26:48,--,--,无,无,有,有
K1616,成都,陇县,15:31,09:57,18:26,--,--,18,有,无,有
K788,成都东,宜昌东,15:11,05:26,14:15,--,--,15,有,有,有
K530,成都东,宜昌东,22:43,10:27,11:44,--,--,有,有,有,有
G8529,成都东,资中北,17:23,17:57,00:34,8,9,--,--,--,--
G8541,成都东,资中北,21:04,21:38,00:34,有,有,--,--,--,--
Z124,成都,万源,17:14,22:01,04:47,--,--,有,无,无,有
T126,成都,万源,22:45,05:03,06:18,--,--,19,7,有,有
K352,成都,万源,23:51,06:02,06:11,--,--,14,有,有,有
K118,成都,万源,23:59,06:29,06:30,--,--,有,有,有,有
T126,成都,东莞东,22:45,05:25,30:40,--,--,13,无,有,有
K4223,成都,肇庆,14:56,07:02,40:06,--,--,11,有,有,有
K588,成都,肇庆,17:52,02:51,32:59,--,--,无,无,有,有
K1616,成都,中卫,15:31,16:58,25:27,--,--,18,有,无,有
Z322,成都,那曲,21:37,05:59,32:22,--,--,有,有,无,无
K998,成都,黄陵南,22:16,11:00,12:44,--,--,9,有,有,有
K652,成都东,涪陵,15:50,22:26,06:36,--,--,9,有,无,有
K588,成都,涪陵,17:52,23:31,05:39,--,--,2,1,有,有
D5102,成都东,涪陵北,18:36,21:31,02:55,无,无,--,--,--,无
K998,成都,扎兰屯,22:16,01:14,50:58,--,--,无,无,有,有
K788,成都东,新余,15:11,16:42,25:31,--,--,15,有,有,有
K4223,成都,肇庆,14:56,07:02,40:06,--,--,11,有,有,有
K588,成都,肇庆,17:52,02:51,32:59,--,--,无,无,有,有
K986,成都,兰州,14:50,03:47,12:57,--,--,4,有,无,有
K452,成都,兰州,15:55,03:54,11:59,--,--,有,有,有,有
K2632,成都,兰州,18:40,07:17,12:37,--,--,19,有,有,有
K2058,成都,兰州,20:05,08:05,12:00,--,--,有,有,有,有
K2616,成都,兰州,20:26,07:57,11:31,--,--,16,有,有,有
Z322,成都,兰州,21:37,09:11,11:34,--,--,有,有,有,有
K1058,成都,兰州,21:47,09:26,11:39,--,--,14,有,有,有
K818,成都,邢台,19:30,16:34,21:04,--,--,有,有,有,有
K1364,成都,邢台,22:00,01:18,27:18,--,--,有,有,有,有
K118,成都,邢台,23:59,00:45,24:46,--,--,有,有,有,有
T126,成都,惠州,22:45,04:38,29:53,--,--,18,1,有,有
K4223,成都,广州东,14:56,09:23,42:27,--,--,11,有,有,有
Z124,成都,广州,17:14,18:22,25:08,--,--,有,无,无,有
K588,成都,广州,17:52,04:53,35:01,--,--,无,无,有,有
K206,成都,襄阳,16:20,11:29,19:09,--,--,有,有,有,有
Z124,成都,襄阳东,17:14,03:43,10:29,--,--,有,无,无,有
K284,成都,襄阳,18:22,11:18,16:56,--,--,有,有,有,有
T126,成都,襄阳东,22:45,11:35,12:50,--,--,19,4,有,有
K352,成都,襄阳东,23:51,13:14,13:23,--,--,14,有,有,有
K118,成都,襄阳,23:59,13:27,13:28,--,--,有,有,有,有
K145,成都,攀枝花,14:28,03:53,13:25,--,--,无,无,无,有
K165,成都,攀枝花,14:57,04:13,13:16,--,--,无,无,无,有
K985,成都,攀枝花,16:03,05:40,13:37,--,--,无,无,有,有
K117,成都,攀枝花,17:28,04:52,11:24,--,--,无,无,无,有
T8869,成都,攀枝花,17:55,07:53,13:58,--,--,无,无,1,有
K9483,成都,攀枝花,19:00,08:51,13:51,--,--,无,无,有,有
K9491,成都,攀枝花,19:47,09:09,13:22,--,--,无,无,无,有
G8717,成都东,垫江,15:49,18:31,02:42,无,19,--,--,--,--
G8721,成都东,垫江,17:07,19:45,02:38,有,有,--,--,--,--
G90,成都东,石家庄,15:01,21:39,06:38,无,1,--,--,--,--
K818,成都,石家庄,19:30,17:48,22:18,--,--,有,有,有,有
K1364,成都,石家庄,22:00,02:31,28:31,--,--,有,有,有,有
K118,成都,石家庄,23:59,01:59,26:00,--,--,有,有,有,有
K9436,成都,苍溪,16:04,19:50,03:46,--,--,--,有,有,--
C6312,成都东,苍溪,16:49,19:29,02:40,无,有,--,--,--,有
K652,成都东,罗城,15:50,12:37,20:47,--,--,7,有,无,有
K652,成都东,靖州,15:50,08:39,16:49,--,--,9,有,无,有
K588,成都,靖州,17:52,09:29,15:37,--,--,无,无,有,有
1486,成都,永济,19:25,15:06,19:41,--,--,有,有,有,有
K1616,成都,银川,15:31,20:45,29:14,--,--,18,有,无,有
G2210,成都东,三门峡南,15:30,20:40,05:10,无,有,--,--,--,--
K292,成都,三门峡,17:47,13:07,19:20,--,--,13,有,有,有
K246,成都,三门峡,21:20,16:09,18:49,--,--,有,有,有,有
